中,英文,日文,域,域-latin,界,界-latin,門,門-latin,亞門,亞門-latin,綱,綱-latin,亞綱,亞綱-latin,目,目-latin,科,科-latin,亞科,亞科-latin,屬,屬-latin,種,種-latin
雙歧桿菌,,,細菌域,Bacteria,,,放線菌門,Actinobacteria,放線菌綱,Actinobacteria,,,,,雙歧桿菌目,Bifidobacteriales,雙歧桿菌科,Bifidobacteriaceae,,,雙歧桿菌屬,Bifidobacterium,,
嗜酸乳桿菌,,,細菌域,Bacteria,,,厚壁菌門,Firmicutes,芽孢桿菌綱,Bacilli,,,,,乳桿菌目,Lactobacillales,乳桿菌科,Lactobacillaceae,,,乳桿菌屬,Lactobacillus,嗜酸乳桿菌,Lactobacillus acidophilus
乾酪乳桿菌,,,細菌域,Bacteria,,,厚壁菌門,Firmicutes,芽孢桿菌綱,Bacilli,,,,,乳桿菌目,Lactobacillales,乳桿菌科,Lactobacillaceae,,,乳桿菌屬,Lactobacillus,乾酪乳桿菌,Lactobacillus casei
保加利亞乳桿菌,,,細菌域,Bacteria,,,厚壁菌門,Firmicutes,芽孢桿菌綱,Bacilli,,,,,乳桿菌目,Lactobacillales,乳桿菌科,Lactobacillaceae,,,乳桿菌屬,Lactobacillus,德氏乳桿菌,Lactobacillus delbrueckii
嗜熱鏈球菌,,,細菌域,Bacteria,,,厚壁菌門,Firmicutes,芽孢桿菌綱,Bacilli,,,,,乳桿菌目,Lactobacillales,鏈球菌科,Streptococcaceae,,,鏈球菌屬,Streptococcus,嗜熱鏈球菌,Streptococcus thermophilus
木葡糖酸醋桿菌,,,細菌域,Bacteria,,,變形菌門,Proteobacteria,α-變形菌綱,Alphaproteobacteria,,,,,紅螺菌目,Rhodospirillales,醋桿菌科,Acetobacteraceae,,,駒形桿菌屬,Komagataeibacter,木駒形桿菌,Komagataeibacter xylinus
肺衣,,,眞核域,Eukaryota,眞菌界,Fungi,子囊菌門,Ascomycota,盤菌亞門,Pezizomycotina,茶漬綱,Lecanoromycetes,茶漬亞綱,Lecanoromycetidae,地捲目,Peltigerales,肺衣科,Lobariaceae,,,肺衣屬,Lobaria,,
蟲草花,,,眞核域,Eukaryota,眞菌界,Fungi,子囊菌門,Ascomycota,盤菌亞門,Pezizomycotina,糞殼菌綱,Sordariomycetes,,,肉座菌目,Hypocreales,,,,,,,,
酵母,,,眞核域,Eukaryota,眞菌界,Fungi,子囊菌門,Ascomycota,酵母亞門,Saccharomycotina,酵母綱,Saccharomycetes,,,酵母目,Saccharomycetales,,,,,,,,
雙孢蘑菇,,,眞核域,Eukaryota,眞菌界,Fungi,擔子菌門,Basidiomycota,傘菌亞門,Agaricomycotina,傘菌綱,Agaricomycetes,傘菌亞綱,Agaricomycetidae,傘菌目,Agaricales,傘菌科,Agaricaceae,,,傘菌屬,Agaricus,雙孢蘑菇,Agaricus bisporus
姬松茸,,,眞核域,Eukaryota,眞菌界,Fungi,擔子菌門,Basidiomycota,傘菌亞門,Agaricomycotina,傘菌綱,Agaricomycetes,傘菌亞綱,Agaricomycetidae,傘菌目,Agaricales,傘菌科,Agaricaceae,,,傘菌屬,Agaricus,姬松茸,Agaricus subrufescens
雞腿菇,,,眞核域,Eukaryota,眞菌界,Fungi,擔子菌門,Basidiomycota,傘菌亞門,Agaricomycotina,傘菌綱,Agaricomycetes,傘菌亞綱,Agaricomycetidae,傘菌目,Agaricales,傘菌科,Agaricaceae,,,鬼傘屬,Coprinus,,
雞㙡,,,眞核域,Eukaryota,眞菌界,Fungi,擔子菌門,Basidiomycota,傘菌亞門,Agaricomycotina,傘菌綱,Agaricomycetes,傘菌亞綱,Agaricomycetidae,傘菌目,Agaricales,,Lyophyllaceae,,,蟻傘屬,Termitomyces,,
茶樹菇,,,眞核域,Eukaryota,眞菌界,Fungi,擔子菌門,Basidiomycota,傘菌亞門,Agaricomycotina,傘菌綱,Agaricomycetes,傘菌亞綱,Agaricomycetidae,傘菌目,Agaricales,糞傘科,Bolbitiaceae,,,田頭菇屬,Agrocybe,茶樹菇,Agrocybe aegerita
海鮮菇/蟹味菇,,,眞核域,Eukaryota,眞菌界,Fungi,擔子菌門,Basidiomycota,傘菌亞門,Agaricomycotina,傘菌綱,Agaricomycetes,傘菌亞綱,Agaricomycetidae,傘菌目,Agaricales,離褶傘科,Lyophyllaceae,,,玉蕈屬,Hypsizygus,,
香菇,,,眞核域,Eukaryota,眞菌界,Fungi,擔子菌門,Basidiomycota,傘菌亞門,Agaricomycotina,傘菌綱,Agaricomycetes,傘菌亞綱,Agaricomycetidae,傘菌目,Agaricales,光茸菌科,Omphalotaceae,,,香菇屬,Lentinula,香菇,Lentinula edodes
榛蘑/蜜環菌,,,眞核域,Eukaryota,眞菌界,Fungi,擔子菌門,Basidiomycota,傘菌亞門,Agaricomycotina,傘菌綱,Agaricomycetes,傘菌亞綱,Agaricomycetidae,傘菌目,Agaricales,膨瑚菌科,Physalacriaceae,,,榛蘑屬,Armillaria,榛蘑,Armillaria mellea
金針菇,,,眞核域,Eukaryota,眞菌界,Fungi,擔子菌門,Basidiomycota,傘菌亞門,Agaricomycotina,傘菌綱,Agaricomycetes,傘菌亞綱,Agaricomycetidae,傘菌目,Agaricales,膨瑚菌科,Physalacriaceae,,,小火菇屬,Flammulina,金針菇,Flammulina velutipes
草菇,,,眞核域,Eukaryota,眞菌界,Fungi,擔子菌門,Basidiomycota,傘菌亞門,Agaricomycotina,傘菌綱,Agaricomycetes,傘菌亞綱,Agaricomycetidae,傘菌目,Agaricales,光柄菇科,Pluteaceae,,,小包腳菇屬,Volvariella,草菇,Volvariella volvacea
杏鮑菇,,,眞核域,Eukaryota,眞菌界,Fungi,擔子菌門,Basidiomycota,傘菌亞門,Agaricomycotina,傘菌綱,Agaricomycetes,傘菌亞綱,Agaricomycetidae,傘菌目,Agaricales,側耳科,Pleurotaceae,,,側耳屬,Pleurotus,杏鮑菇,Pleurotus eryngii
平菇,,,眞核域,Eukaryota,眞菌界,Fungi,擔子菌門,Basidiomycota,傘菌亞門,Agaricomycotina,傘菌綱,Agaricomycetes,傘菌亞綱,Agaricomycetidae,傘菌目,Agaricales,側耳科,Pleurotaceae,,,側耳屬,Pleurotus,側耳,Pleurotus ostreatus
牛肝菌,,,眞核域,Eukaryota,眞菌界,Fungi,擔子菌門,Basidiomycota,傘菌亞門,Agaricomycotina,傘菌綱,Agaricomycetes,傘菌亞綱,Agaricomycetidae,牛肝菌目,Boletales,牛肝菌科,Boletaceae,,,,,,
黑木耳,,,眞核域,Eukaryota,眞菌界,Fungi,擔子菌門,Basidiomycota,傘菌亞門,Agaricomycotina,傘菌綱,Agaricomycetes,,,木耳目,Auriculariales,木耳科,Auricularaceae,,,木耳屬,Auricularia,黑木耳,Auricularia auricula-judae
竹蓀,,,眞核域,Eukaryota,眞菌界,Fungi,擔子菌門,Basidiomycota,傘菌亞門,Agaricomycotina,傘菌綱,Agaricomycetes,鬼筆亞綱,Phallomycetidae,鬼筆目,Phallales,鬼筆科,Phallaceae,,,鬼筆屬,Phallus,竹蓀,Phallus indusiatus
茯苓,,,眞核域,Eukaryota,眞菌界,Fungi,擔子菌門,Basidiomycota,傘菌亞門,Agaricomycotina,傘菌綱,Agaricomycetes,,,多孔菌目,Polyporales,絢孔菌科,Laetiporaceae,,,茯苓屬,Wolfiporia,茯苓,Wolfiporia cocos
猴頭菇,,,眞核域,Eukaryota,眞菌界,Fungi,擔子菌門,Basidiomycota,傘菌亞門,Agaricomycotina,傘菌綱,Agaricomycetes,,,紅菇目,Russulales,猴頭菇科,Hericiaceae,,,猴頭菇屬,Hericium,猴頭菇,Hericium erinaceus
銀耳,,,眞核域,Eukaryota,眞菌界,Fungi,擔子菌門,Basidiomycota,傘菌亞門,Agaricomycotina,銀耳綱,Tremellocetes,,,銀耳目,Tremellales,銀耳科,Tremellaceae,,,銀耳屬,Tremella,銀耳,Tremella fuciformis
黑粉菌,,,眞核域,Eukaryota,眞菌界,Fungi,擔子菌門,Basidiomycota,黑粉菌亞門,Ustilaginomycotina,黑粉菌綱,Ustilaginomycetes,,,黑粉菌目,Ustilaginales,黑粉菌科,Ustilaginaceae,,,黑粉菌屬,Ustilago,,
可口革囊星蟲（土筍凍）,,,眞核域,Eukaryota,動物界,Metazoa,環節動物門,Annelida,,,多毛綱,Polychaeta,星蟲亞綱,Sipuncula,革囊星蟲目,Phascolosomatiformes,革囊星蟲科,Phascolosomatidae,,,革囊星蟲屬,Phascolosoma,可口革囊星蟲,Phascolosoma esculenta
海腸,,,眞核域,Eukaryota,動物界,Metazoa,環節動物門,Annelida,,,多毛綱,Polychaeta,螠蟲亞綱,Echiura,無管螠目,Xenopneusta,刺螠科,Urechidae,,,刺螠屬,Urechis,單環刺螠,Urechis unicinctus
竹蟲,,,眞核域,Eukaryota,動物界,Metazoa,節肢動物門,Arthropoda,六足亞門,Hexapoda,䖵蟲綱,Insecta,有翅亞綱,Pterygota,鱗翅目,Lepidoptera,草螟科,Crambidae,斑野螟亞科,Spilomelinae,蠹野螟屬,Omphisa,筍蠹螟,Omphisa fuscidentalis
螞蚱,,,眞核域,Eukaryota,動物界,Metazoa,節肢動物門,Arthropoda,六足亞門,Hexapoda,䖵蟲綱,Insecta,有翅亞綱,Pterygota,直翅目,Orthoptera,,,,,,,,
小龍鰕,,,眞核域,Eukaryota,動物界,Metazoa,節肢動物門,Arthropoda,甲殼亞門,Crustacea,輭甲綱,Malacostraca,,,十足目,Decapoda,蝲蛄科,Cambaridae,,,原螯鰕屬,Procambarus,克氏原螯鰕,Procambarus clarkii
灰眼雪蟹/松葉蟹,,ずはいがに,眞核域,Eukaryota,動物界,Metazoa,節肢動物門,Arthropoda,甲殼亞門,Crustacea,輭甲綱,Malacostraca,,,十足目,Decapoda,蜘蛛蟹科,Majidae,,,雪蟹屬,Chionoecetes,灰眼雪蟹,Chionoecetes opilio
波士頓龍鰕,,,眞核域,Eukaryota,動物界,Metazoa,節肢動物門,Arthropoda,甲殼亞門,Crustacea,輭甲綱,Malacostraca,,,十足目,Decapoda,海螯鰕科,Nephropidae,,,螯龍鰕屬,Homarus,美洲螯龍鰕,Homarus americanus
青鰕,,,眞核域,Eukaryota,動物界,Metazoa,節肢動物門,Arthropoda,甲殼亞門,Crustacea,輭甲綱,Malacostraca,,,十足目,Decapoda,長臂鰕科,Palaemonidae,,,沼鰕屬,Macrobrachium,,
明鰕/中國對鰕,,,眞核域,Eukaryota,動物界,Metazoa,節肢動物門,Arthropoda,甲殼亞門,Crustacea,輭甲綱,Malacostraca,,,十足目,Decapoda,對鰕科,Penaeidae,,,明對鰕屬,Fenneropenaeus,明鰕,Fenneropenaeus chinensis
基圍鰕/沙鰕,,,眞核域,Eukaryota,動物界,Metazoa,節肢動物門,Arthropoda,甲殼亞門,Crustacea,輭甲綱,Malacostraca,,,十足目,Decapoda,對鰕科,Penaeidae,,,新對鰕屬,Metapenaeus,刀額新對鰕,Metapenaeus ensis
草鰕/斑節對鰕/黑虎鰕,,,眞核域,Eukaryota,動物界,Metazoa,節肢動物門,Arthropoda,甲殼亞門,Crustacea,輭甲綱,Malacostraca,,,十足目,Decapoda,對鰕科,Penaeidae,,,對鰕屬,Penaeus,草鰕,Penaeus monodon
毛鰕（鰕皮）,,,眞核域,Eukaryota,動物界,Metazoa,節肢動物門,Arthropoda,甲殼亞門,Crustacea,輭甲綱,Malacostraca,,,十足目,Decapoda,櫻鰕科,Sergestidae,,,毛鰕屬,Acetes,,
櫻鰕,,,眞核域,Eukaryota,動物界,Metazoa,節肢動物門,Arthropoda,甲殼亞門,Crustacea,輭甲綱,Malacostraca,,,十足目,Decapoda,櫻鰕科,Sergestidae,,,櫻鰕屬,Sergia,櫻鰕,Sergia lucens
阿根廷紅鰕,,,眞核域,Eukaryota,動物界,Metazoa,節肢動物門,Arthropoda,甲殼亞門,Crustacea,輭甲綱,Malacostraca,,,十足目,Decapoda,管鞭鰕科,Solenoceridae,,,？屬,Pleoticus,阿根廷紅鰕,Pleoticus muelleri
中華絨螯蟹/大閘蟹/河蟹,,,眞核域,Eukaryota,動物界,Metazoa,節肢動物門,Arthropoda,甲殼亞門,Crustacea,輭甲綱,Malacostraca,,,十足目,Decapoda,弓蟹科,Varunidae,,,絨螯蟹屬,Eriocheir,中華絨螯蟹,Eriocheir sinensis
鰕仁（……）,,,眞核域,Eukaryota,動物界,Metazoa,節肢動物門,Arthropoda,甲殼亞門,Crustacea,輭甲綱,Malacostraca,,,十足目,Decapoda,,,,,,,,
鰻魚,,,眞核域,Eukaryota,動物界,Metazoa,脊索動物門,Chordata,脊椎動物,Vertebrata,輻鰭魚綱,Actinopteri,海鰱類,Elopocephala ,鰻鱺目,Anguilliformes,鰻鱺科,Anguillidae,,,鰻鱺屬,Anguilla,,
星鰻,,,眞核域,Eukaryota,動物界,Metazoa,脊索動物門,Chordata,脊椎動物,Vertebrata,輻鰭魚綱,Actinopteri,海鰱類,Elopocephala ,鰻鱺目,Anguilliformes,糯鰻科,Congridae,糯鰻亞科,Congrinae,糯鰻屬,Conger,繁星糯鰻,Conger myriaster
刀魚,,,眞核域,Eukaryota,動物界,Metazoa,脊索動物門,Chordata,脊椎動物,Vertebrata,輻鰭魚綱,Actinopteri,鰾聽魚類,Otomorpha,鯡形目,Clupeiformes,鯷科,Engraulidae,,,鱭屬,Coilia,刀魚,Coilia nasus
鳳尾魚（烤籽魚）,,,眞核域,Eukaryota,動物界,Metazoa,脊索動物門,Chordata,脊椎動物,Vertebrata,輻鰭魚綱,Actinopteri,鰾聽魚類,Otomorpha,鯡形目,Clupeiformes,鯷科,Engraulidae,,,鱭屬,Coilia,鳳鱭,Coilia mystus
丁香魚,,,眞核域,Eukaryota,動物界,Metazoa,脊索動物門,Chordata,脊椎動物,Vertebrata,輻鰭魚綱,Actinopteri,鰾聽魚類,Otomorpha,鯡形目,Clupeiformes,鯷科,Engraulidae,,,鯷屬,Engraulis,日本鯷,Engraulis japonicus
小沙丁魚,,,眞核域,Eukaryota,動物界,Metazoa,脊索動物門,Chordata,脊椎動物,Vertebrata,輻鰭魚綱,Actinopteri,鰾聽魚類,Otomorpha,鯡形目,Clupeiformes,鯡科,Clupeidae,鯡亞科,Clupeinae,小沙丁魚屬,Sardinella,長頭小沙丁魚,Sardinella longiceps
泥鰍,oriental weatherfish,,眞核域,Eukaryota,動物界,Metazoa,脊索動物門,Chordata,脊椎動物,Vertebrata,輻鰭魚綱,Actinopteri,鰾聽魚類,Otomorpha,鯉形目,Cypriniformes,鰍科,Cobitidae,鰍亞科,Cobitinae,泥鰍屬,Misgurnus,泥鰍,Misgurnus anguillicaudatus
鯽魚,,,眞核域,Eukaryota,動物界,Metazoa,脊索動物門,Chordata,脊椎動物,Vertebrata,輻鰭魚綱,Actinopteri,鰾聽魚類,Otomorpha,鯉形目,Cypriniformes,鯉科,Cyprinidae,,,鯽屬,Carassius,鯽,Carassius auratus
鯪魚,,,眞核域,Eukaryota,動物界,Metazoa,脊索動物門,Chordata,脊椎動物,Vertebrata,輻鰭魚綱,Actinopteri,鰾聽魚類,Otomorpha,鯉形目,Cypriniformes,鯉科,Cyprinidae,,,鯪屬,Cirrhinus,鯪,Cirrhinus molitorella
草魚/鯇魚,,,眞核域,Eukaryota,動物界,Metazoa,脊索動物門,Chordata,脊椎動物,Vertebrata,輻鰭魚綱,Actinopteri,鰾聽魚類,Otomorpha,鯉形目,Cypriniformes,鯉科,Cyprinidae,,,草魚屬,Ctenopharyngodon,草魚,Ctenopharyngodon idella
翹嘴鮊/白水魚,,,眞核域,Eukaryota,動物界,Metazoa,脊索動物門,Chordata,脊椎動物,Vertebrata,輻鰭魚綱,Actinopteri,鰾聽魚類,Otomorpha,鯉形目,Cypriniformes,鯉科,Cyprinidae,,,鮊屬,Culter,翹嘴鮊,Culter alburnus
鯉魚,carp,,眞核域,Eukaryota,動物界,Metazoa,脊索動物門,Chordata,脊椎動物,Vertebrata,輻鰭魚綱,Actinopteri,鰾聽魚類,Otomorpha,鯉形目,Cypriniformes,鯉科,Cyprinidae,,,鯉屬,Cyprinus,鯉,Cyprinus carpio
䱗/白鰷/白條魚,,,眞核域,Eukaryota,動物界,Metazoa,脊索動物門,Chordata,脊椎動物,Vertebrata,輻鰭魚綱,Actinopteri,鰾聽魚類,Otomorpha,鯉形目,Cypriniformes,鯉科,Cyprinidae,,,䱗屬,Hemiculter,條鰶,Hemiculter leucisculus
鰱魚/白鰱,,,眞核域,Eukaryota,動物界,Metazoa,脊索動物門,Chordata,脊椎動物,Vertebrata,輻鰭魚綱,Actinopteri,鰾聽魚類,Otomorpha,鯉形目,Cypriniformes,鯉科,Cyprinidae,,,鰱屬,Hypophthalmichthys,鰱魚,Hypophthalmichthys molitrix
鱅魚/胖頭魚/花鰱,,,眞核域,Eukaryota,動物界,Metazoa,脊索動物門,Chordata,脊椎動物,Vertebrata,輻鰭魚綱,Actinopteri,鰾聽魚類,Otomorpha,鯉形目,Cypriniformes,鯉科,Cyprinidae,,,鰱屬,Hypophthalmichthys,鱅魚,Hypophthalmichthys nobilis
青魚,black carp,,眞核域,Eukaryota,動物界,Metazoa,脊索動物門,Chordata,脊椎動物,Vertebrata,輻鰭魚綱,Actinopteri,鰾聽魚類,Otomorpha,鯉形目,Cypriniformes,鯉科,Cyprinidae,,,青魚屬,Mylopharyngodon,青魚,Mylopharyngodon piceus
鯿魚,,,眞核域,Eukaryota,動物界,Metazoa,脊索動物門,Chordata,脊椎動物,Vertebrata,輻鰭魚綱,Actinopteri,鰾聽魚類,Otomorpha,鯉形目,Cypriniformes,鯉科,Cyprinidae,,,鯿屬,Parabramis,鯿魚,Parabramis pekinensis
蝨目魚,,,眞核域,Eukaryota,動物界,Metazoa,脊索動物門,Chordata,脊椎動物,Vertebrata,輻鰭魚綱,Actinopteri,鰾聽魚類,Otomorpha,鼠鱚目,Gonorynchiformes,蝨目魚科,Chanidae,,,蝨目魚屬,Chanos,蝨目魚,Chanos chanos
黃顙魚/黃辣丁/黃鴨叫/昂刺魚,,,眞核域,Eukaryota,動物界,Metazoa,脊索動物門,Chordata,脊椎動物,Vertebrata,輻鰭魚綱,Actinopteri,鰾聽魚類,Otomorpha,鮎形目,Siluriformes,鮠科,Bagridae,,,瘋𩼝屬,Tachysurus,黃顙魚,Tachysurus fulvidraco
巴沙魚,,,眞核域,Eukaryota,動物界,Metazoa,脊索動物門,Chordata,脊椎動物,Vertebrata,輻鰭魚綱,Actinopteri,鰾聽魚類,Otomorpha,鮎形目,Siluriformes,巨鮎科,Pangasiidae,,,巨鮎屬,Pangasius,博氏巨鮎,Pangasius bocourti
鮎魚,,,眞核域,Eukaryota,動物界,Metazoa,脊索動物門,Chordata,脊椎動物,Vertebrata,輻鰭魚綱,Actinopteri,鰾聽魚類,Otomorpha,鮎形目,Siluriformes,鮎科,Siluridae,,,鮎屬,Silurus,花鮎,Silurus asotus
阿拉斯加狹鱈/明太魚,,すけたうだら,眞核域,Eukaryota,動物界,Metazoa,脊索動物門,Chordata,脊椎動物,Vertebrata,輻鰭魚綱,Actinopteri,副棘鰭類,Paracanthopterygii,鱈形目,Gadiformes,鱈科,Gadidae,,,鱈屬,Gadus,黃線狹鱈,Gadus chalcogrammus
大西洋鱈,Atlantic cod,大西洋だら,眞核域,Eukaryota,動物界,Metazoa,脊索動物門,Chordata,脊椎動物,Vertebrata,輻鰭魚綱,Actinopteri,副棘鰭類,Paracanthopterygii,鱈形目,Gadiformes,鱈科,Gadidae,,,鱈屬,Gadus,大西洋鱈,Gadus morhua
細鱗壯鱈/水鱈魚,,,眞核域,Eukaryota,動物界,Metazoa,脊索動物門,Chordata,脊椎動物,Vertebrata,輻鰭魚綱,Actinopteri,副棘鰭類,Paracanthopterygii,鱈形目,Gadiformes,鼠尾鱈科,Macrouridae,鼠尾鱈亞科,Macrourinae,壯鱈屬,Albatrossia,細鱗壯鱈,Albatrossia pectoralis
黑魚/烏鱧,,,眞核域,Eukaryota,動物界,Metazoa,脊索動物門,Chordata,脊椎動物,Vertebrata,輻鰭魚綱,Actinopteri,鱸形類,Percomorphaceae,攀鱸目,Anabantiformes,鱧科,Channidae,,,鱧屬,Channa,烏鱧,Channa argus
秋刀魚,,,眞核域,Eukaryota,動物界,Metazoa,脊索動物門,Chordata,脊椎動物,Vertebrata,輻鰭魚綱,Actinopteri,鱸形類,Percomorphaceae,頜針魚目,Beloniformes,頜針魚科,Belonidae,,,秋刀魚屬,Cololabis,秋刀魚,Cololabis saira
飛魚,,,眞核域,Eukaryota,動物界,Metazoa,脊索動物門,Chordata,脊椎動物,Vertebrata,輻鰭魚綱,Actinopteri,鱸形類,Percomorphaceae,頜針魚目,Beloniformes,飛魚科,Exocoetidae,,,,,,
馬步魚,,さより,眞核域,Eukaryota,動物界,Metazoa,脊索動物門,Chordata,脊椎動物,Vertebrata,輻鰭魚綱,Actinopteri,鱸形類,Percomorphaceae,頜針魚目,Beloniformes,鱵科,Hemiramphidae,,,下鱵魚屬,Hyporhamphus,沙氏下鱵,Hyporhamphus sajori
金鯧,,,眞核域,Eukaryota,動物界,Metazoa,脊索動物門,Chordata,脊椎動物,Vertebrata,輻鰭魚綱,Actinopteri,鱸形類,Percomorphaceae,鰺形目,Carangiformes,鰺科,Carangidae,,,鯧鰺屬,Trachinotus,布氏鯧鰺,Trachinotus baillonii
竹筴魚,,,眞核域,Eukaryota,動物界,Metazoa,脊索動物門,Chordata,脊椎動物,Vertebrata,輻鰭魚綱,Actinopteri,鱸形類,Percomorphaceae,鰺形目,Carangiformes,鰺科,Carangidae,,,竹筴魚屬,Trachurus,日本竹筴魚,Trachurus japonicus
大口黑鱸,largemouth bass,おほくちバス,眞核域,Eukaryota,動物界,Metazoa,脊索動物門,Chordata,脊椎動物,Vertebrata,輻鰭魚綱,Actinopteri,鱸形類,Percomorphaceae,太陽魚目,Centrarchiformes,太陽魚科,Centrarchidae,,,黑鱸屬,Micropterus,大口黑鱸,Micropterus salmoides
鱖魚,,,眞核域,Eukaryota,動物界,Metazoa,脊索動物門,Chordata,脊椎動物,Vertebrata,輻鰭魚綱,Actinopteri,鱸形類,Percomorphaceae,太陽魚目,Centrarchiformes,鱖魚科,Sinipercidae,,,鱖魚屬,Siniperca,鱖魚,Siniperca chuatsi
羅非魚/非洲鯽魚/臺灣鯛,,,眞核域,Eukaryota,動物界,Metazoa,脊索動物門,Chordata,脊椎動物,Vertebrata,輻鰭魚綱,Actinopteri,鱸形類,Percomorphaceae,慈鯛目,Cichliformes,慈鯛科,Cichlidae,,,口孵非鯽屬,Oreochromis,,
海鱸魚,,,眞核域,Eukaryota,動物界,Metazoa,脊索動物門,Chordata,脊椎動物,Vertebrata,輻鰭魚綱,Actinopteri,鱸形類,Percomorphaceae,單鰭魚形目,Pempheriformes,花鱸科,Lateolabracidae,,,花鱸屬,Lateolabrax,日本眞鱸,Lateolabrax japonicus
鴉片魚/牙鮃,,,眞核域,Eukaryota,動物界,Metazoa,脊索動物門,Chordata,脊椎動物,Vertebrata,輻鰭魚綱,Actinopteri,鱸形類,Percomorphaceae,鰈形目,Pleuronectiformes,牙鮃科,Paralichthyidae,,,牙鮃屬,Paralichthys,牙鮃,Paralichthys olivaceus
舌鰨/龍利魚,,,眞核域,Eukaryota,動物界,Metazoa,脊索動物門,Chordata,脊椎動物,Vertebrata,輻鰭魚綱,Actinopteri,鱸形類,Percomorphaceae,鰈形目,Pleuronectiformes,舌鰨科,Cynoglossidae,舌鰨亞科,Cynoglossinae,舌鰨屬,Cynoglossus,,
庸鰈/冰島比目魚/扁鱈,,,眞核域,Eukaryota,動物界,Metazoa,脊索動物門,Chordata,脊椎動物,Vertebrata,輻鰭魚綱,Actinopteri,鱸形類,Percomorphaceae,鰈形目,Pleuronectiformes,鰈科,Pleuronectidae,,,庸鰈屬,Hippoglossus,庸鰈,Hippoglossus hippoglossus
鯖魚/青花魚/青占魚/鮐魚,mackerel,さば,眞核域,Eukaryota,動物界,Metazoa,脊索動物門,Chordata,脊椎動物,Vertebrata,輻鰭魚綱,Actinopteri,鱸形類,Percomorphaceae,鯖形目,Scombriformes,鯖科,Scombridae,,,鯖屬,Scomber,白腹鯖,Scomber japonicus
金槍魚/鮪,tuna,まぐろ,眞核域,Eukaryota,動物界,Metazoa,脊索動物門,Chordata,脊椎動物,Vertebrata,輻鰭魚綱,Actinopteri,鱸形類,Percomorphaceae,鯖形目,Scombriformes,鯖科,Scombridae,,,金槍魚屬,Thunnus,,
馬鮫/鮁魚/土魠魚,,,眞核域,Eukaryota,動物界,Metazoa,脊索動物門,Chordata,脊椎動物,Vertebrata,輻鰭魚綱,Actinopteri,鱸形類,Percomorphaceae,鯖形目,Scombriformes,鯖科,Scombridae,鯖亞科,Scombrinae,馬鮫屬,Scomberomorus,,
銀鯧/平魚,silver pomfret,,眞核域,Eukaryota,動物界,Metazoa,脊索動物門,Chordata,脊椎動物,Vertebrata,輻鰭魚綱,Actinopteri,鱸形類,Percomorphaceae,鯖形目,Scombriformes,鯧科,Stromateidae,,,鯧屬,Pampus,銀鯧,Pampus argenteus
帶魚,,たちうを,眞核域,Eukaryota,動物界,Metazoa,脊索動物門,Chordata,脊椎動物,Vertebrata,輻鰭魚綱,Actinopteri,鱸形類,Percomorphaceae,鯖形目,Scombriformes,帶魚科,Trichiuridae,,,帶魚屬,Trichiurus,,
金線魚,,,眞核域,Eukaryota,動物界,Metazoa,脊索動物門,Chordata,脊椎動物,Vertebrata,輻鰭魚綱,Actinopteri,鱸形類,Percomorphaceae,鯛形目,Spariformes,金線魚科,Nemipteridae,,,金線魚屬,Nemipterus,金線魚,Nemipterus virgatus
鯛魚,,たひ,眞核域,Eukaryota,動物界,Metazoa,脊索動物門,Chordata,脊椎動物,Vertebrata,輻鰭魚綱,Actinopteri,鱸形類,Percomorphaceae,鯛形目,Spariformes,鯛科,Sparidae,,,,,,
赤鯼,,,眞核域,Eukaryota,動物界,Metazoa,脊索動物門,Chordata,脊椎動物,Vertebrata,輻鰭魚綱,Actinopteri,鱸形類,Percomorphaceae,鯛形目,Spariformes,鯛科,Sparidae,,,牙鯛屬,Dentex,赤鯼,Dentex tumifrons
黃鱓,,,眞核域,Eukaryota,動物界,Metazoa,脊索動物門,Chordata,脊椎動物,Vertebrata,輻鰭魚綱,Actinopteri,鱸形類,Percomorphaceae,合鰓目,Synbranchiformes,合鰓魚科,Synbranchidae,,,黃鱓屬,Monopterus,黃鱓,Monopterus albus
馬面魨/短角單棘魨/剝皮魚,,,眞核域,Eukaryota,動物界,Metazoa,脊索動物門,Chordata,脊椎動物,Vertebrata,輻鰭魚綱,Actinopteri,鱸形類,Percomorphaceae,魨形目,Tetraodontiformes,單棘魨科,Monacanthidae,,,馬面魨屬,Thamnaconus,馬面魨,Thamnaconus modestus
暗紋東方魨,,,眞核域,Eukaryota,動物界,Metazoa,脊索動物門,Chordata,脊椎動物,Vertebrata,輻鰭魚綱,Actinopteri,鱸形類,Percomorphaceae,魨形目,Tetraodontiformes,魨形科,Tetraodontidae,,,東方魨屬,Takifugu,暗紋東方魨,Takifugu obscurus
大黃魚,,,眞核域,Eukaryota,動物界,Metazoa,脊索動物門,Chordata,脊椎動物,Vertebrata,輻鰭魚綱,Actinopteri,鱸形類,Percomorphaceae,,,石首魚科,Sciaenidae,,,黃魚屬,Larimichthys,大黃魚,Larimichthys crocea
小黃魚,,,眞核域,Eukaryota,動物界,Metazoa,脊索動物門,Chordata,脊椎動物,Vertebrata,輻鰭魚綱,Actinopteri,鱸形類,Percomorphaceae,,,石首魚科,Sciaenidae,,,黃魚屬,Larimichthys,小黃魚,Larimichthys polyactis
鮸魚,,,眞核域,Eukaryota,動物界,Metazoa,脊索動物門,Chordata,脊椎動物,Vertebrata,輻鰭魚綱,Actinopteri,鱸形類,Percomorphaceae,,,石首魚科,Sciaenidae,,,鮸魚屬,Miichthys,鮸魚,Miichthys miiuy
尖吻鱸/盲鰽,barramundi,,眞核域,Eukaryota,動物界,Metazoa,脊索動物門,Chordata,脊椎動物,Vertebrata,輻鰭魚綱,Actinopteri,鱸形類,Percomorphaceae,,,鋸蓋魚科,Centropomidae,,,尖吻鱸屬,Lates,尖吻鱸,Lates calcarifer
鮭/三文魚,salmon,さけ/サーモン,眞核域,Eukaryota,動物界,Metazoa,脊索動物門,Chordata,脊椎動物,Vertebrata,輻鰭魚綱,Actinopteri,原棘鰭類,Protacanthopterygii,鮭形目,Salmoniformes,鮭科,Salmonidae,鮭亞科,Salmoninae,,,,
虹鱒,rainbow trout,,眞核域,Eukaryota,動物界,Metazoa,脊索動物門,Chordata,脊椎動物,Vertebrata,輻鰭魚綱,Actinopteri,原棘鰭類,Protacanthopterygii,鮭形目,Salmoniformes,鮭科,Salmonidae,鮭亞科,Salmoninae,麻哈魚屬,Oncorhynchus,虹鱒,Oncorhynchus mykiss
多春魚/多膥魚,,,眞核域,Eukaryota,動物界,Metazoa,脊索動物門,Chordata,脊椎動物,Vertebrata,輻鰭魚綱,Actinopteri,巨口魚類,Stomiatii,胡瓜魚目,Osmeriformes,胡瓜魚科,Osmeridae,,,油胡瓜魚屬,Spirinchus,長體油胡瓜魚,Spirinchus lanceolatus
銀魚,,,眞核域,Eukaryota,動物界,Metazoa,脊索動物門,Chordata,脊椎動物,Vertebrata,輻鰭魚綱,Actinopteri,巨口魚類,Stomiatii,胡瓜魚目,Osmeriformes,銀魚科,Salangidae,,,,,,
龍頭魚/九肚魚（龍頭鮳）,Bombay duck fish,,眞核域,Eukaryota,動物界,Metazoa,脊索動物門,Chordata,脊椎動物,Vertebrata,輻鰭魚綱,Actinopteri,,,仙女魚目,Aulopiformes,合齒魚科,Synodontidae,龍頭魚亞科,Harpadontinae,龍頭魚屬,Harpadon,龍頭魚屬,Harpadon nehereus
灣鱷,saltwater crocodile,,眞核域,Eukaryota,動物界,Metazoa,脊索動物門,Chordata,脊椎動物,Vertebrata,,,,,鱷目,Crocodylia,鱷科,Crocodylidae,,,鱷屬,Crocodylus,灣鱷,Crocodylus porosus
鱉/甲魚/王八,,,眞核域,Eukaryota,動物界,Metazoa,脊索動物門,Chordata,脊椎動物,Vertebrata,,,,,龜鱉目,Testudines,鱉科,Trionychidae,,,中華鱉屬,Pelodiscus,中華鱉,Pelodiscus sinensis
牛蛙,,,眞核域,Eukaryota,動物界,Metazoa,脊索動物門,Chordata,脊椎動物,Vertebrata,兩棲綱,Amphibia,,,無尾目,Anura,蛙科,Ranidae,,,蛙屬,Rana,美國牛蛙,Rana catesbeiana
鴨,,,眞核域,Eukaryota,動物界,Metazoa,脊索動物門,Chordata,脊椎動物,Vertebrata,鳥綱,Aves,今顎總目,Neognathae,雁形目,Anseriformes,鴨科,Anatidae,鴨亞科,Anatinae,鴨屬,Anas,綠頭鴨,Anas platyrhynchos
鵝,,,眞核域,Eukaryota,動物界,Metazoa,脊索動物門,Chordata,脊椎動物,Vertebrata,鳥綱,Aves,今顎總目,Neognathae,雁形目,Anseriformes,鴨科,Anatidae,雁亞科,Anserinae,雁屬,Anser,鴻雁,Anser cygnoides
鴿,pigeon/dove,,眞核域,Eukaryota,動物界,Metazoa,脊索動物門,Chordata,脊椎動物,Vertebrata,鳥綱,Aves,今顎總目,Neognathae,鴿形目,Columbiformes,鳩鴿科,Columbidae,,,鴿屬,Columba,原鴿,Columba livia
鵪鶉（鵪鶉蛋）,,,眞核域,Eukaryota,動物界,Metazoa,脊索動物門,Chordata,脊椎動物,Vertebrata,鳥綱,Aves,今顎總目,Neognathae,雞形目,Galliformes,雉科,Phasianidae,鶉亞科,Perdicinae,鶉屬,Cortunix,,
雞,,,眞核域,Eukaryota,動物界,Metazoa,脊索動物門,Chordata,脊椎動物,Vertebrata,鳥綱,Aves,今顎總目,Neognathae,雞形目,Galliformes,雉科,Phasianidae,雉亞科,Phasianinae,原雞屬,Gallus,原雞,Gallus gallus
火雞,,,眞核域,Eukaryota,動物界,Metazoa,脊索動物門,Chordata,脊椎動物,Vertebrata,鳥綱,Aves,今顎總目,Neognathae,雞形目,Galliformes,雉科,Phasianidae,火雞亞科,Meleagridinae,火雞屬,Meleagris,火雞,Meleagris gallopavo
大吻斜齒鯊,,,眞核域,Eukaryota,動物界,Metazoa,脊索動物門,Chordata,脊椎動物,Vertebrata,輭骨魚綱,Chondrichthyes,板鰓亞綱,Elasmobranchii,眞鯊目,Carcharhiniformes,眞鯊科,Carcharhinidae,,,斜齒鯊屬,Scoliodon,大吻斜齒鯊,Scoliodon macrorhynchos
家兔,,,眞核域,Eukaryota,動物界,Metazoa,脊索動物門,Chordata,脊椎動物,Vertebrata,哺乳綱,Mammalia,靈長總目,Euarchontoglires,兔形目,Lagomorpha,兔科,Leporidae,,,穴兔屬,Oryctolagus,穴兔,Oryctolagus cuniculus
氂牛,,,眞核域,Eukaryota,動物界,Metazoa,脊索動物門,Chordata,脊椎動物,Vertebrata,哺乳綱,Mammalia,勞亞獸總目,Laurasiatheria,鯨偶蹄目,Cetartiodactyla,牛科,Bovidae,牛亞科,Bovinae,牛屬,Bos,氂牛,Bos grunniens
黃牛,,,眞核域,Eukaryota,動物界,Metazoa,脊索動物門,Chordata,脊椎動物,Vertebrata,哺乳綱,Mammalia,勞亞獸總目,Laurasiatheria,鯨偶蹄目,Cetartiodactyla,牛科,Bovidae,牛亞科,Bovinae,牛屬,Bos,黃牛,Bos taurus
水牛,buffalo,,眞核域,Eukaryota,動物界,Metazoa,脊索動物門,Chordata,脊椎動物,Vertebrata,哺乳綱,Mammalia,勞亞獸總目,Laurasiatheria,鯨偶蹄目,Cetartiodactyla,牛科,Bovidae,牛亞科,Bovinae,水牛屬,Bubalus,水牛,Bubalus bubalis
綿羊,sheep,,眞核域,Eukaryota,動物界,Metazoa,脊索動物門,Chordata,脊椎動物,Vertebrata,哺乳綱,Mammalia,勞亞獸總目,Laurasiatheria,鯨偶蹄目,Cetartiodactyla,牛科,Bovidae,羊亞科,Caprinae,羊屬,Ovis,綿羊,Ovis aries
豬,pig,,眞核域,Eukaryota,動物界,Metazoa,脊索動物門,Chordata,脊椎動物,Vertebrata,哺乳綱,Mammalia,勞亞獸總目,Laurasiatheria,鯨偶蹄目,Cetartiodactyla,豬科,Suidae,,,豬屬,Sus,野豬,Sus scrofa
驢,donkey,,眞核域,Eukaryota,動物界,Metazoa,脊索動物門,Chordata,脊椎動物,Vertebrata,哺乳綱,Mammalia,勞亞獸總目,Laurasiatheria,奇蹄目,Perissodactyla,馬科,Equidae,,,馬屬,Equus,驢,Equus asinus
海蜇,,,眞核域,Eukaryota,動物界,Metazoa,刺胞動物門,Cnidaria,,,缽水母綱,Scyphozoa,,,根口水母目,Rhizostomeae,根口水母科,Rhizostomatidae,,,,,,
海膽,,,眞核域,Eukaryota,動物界,Metazoa,棘皮動物門,Echinodermata,,,海膽綱,Echinoidea,,,,,,,,,,,,
刺蔘/遼蔘,,,眞核域,Eukaryota,動物界,Metazoa,棘皮動物門,Echinodermata,,,海蔘綱,Holothuroidea,楯手亞綱,Aspidochirotacea,楯手目,Aspidochirotida,刺蔘科,Stichopodidae,,,倣刺蔘屬,Apostichopus,刺蔘,Apotichopus japonicus
象鼻蚌,,,眞核域,Eukaryota,動物界,Metazoa,輭體動物門,Mollusca,,,雙殼綱,Bivalvia,異齒亞綱,Heterodonta,海螂目,Myoida,縫棲蛤科,Hiatellidae,,,海神蛤屬,Panopea,太平洋潛泥蛤,Panopea generosa
鳥貝,,,眞核域,Eukaryota,動物界,Metazoa,輭體動物門,Mollusca,,,雙殼綱,Bivalvia,異齒亞綱,Heterodonta,簾蛤目,Veneroida,鳥尾蛤科,Cardiidae,,,？屬,Keenocardium,加州扁鳥蛤,Keenocardium californiense
蜆,,,眞核域,Eukaryota,動物界,Metazoa,輭體動物門,Mollusca,,,雙殼綱,Bivalvia,異齒亞綱,Heterodonta,簾蛤目,Veneroida,蜆科,Corbiculidae,,,蜆屬,Corbicula,,
黃蜆子,,ばかがひ,眞核域,Eukaryota,動物界,Metazoa,輭體動物門,Mollusca,,,雙殼綱,Bivalvia,異齒亞綱,Heterodonta,簾蛤目,Veneroida,馬珂蛤科,Mactridae,,,馬珂蛤屬,Mactra,中華馬珂蛤,Mactra chinensis
北極貝,,北寄がひ,眞核域,Eukaryota,動物界,Metazoa,輭體動物門,Mollusca,,,雙殼綱,Bivalvia,異齒亞綱,Heterodonta,簾蛤目,Veneroida,馬珂蛤科,Mactridae,,,擬心蛤屬,Pseudocardium,庫䈎島馬珂蛤,Pseudocardium sachalinense
蟶子,,,眞核域,Eukaryota,動物界,Metazoa,輭體動物門,Mollusca,,,雙殼綱,Bivalvia,異齒亞綱,Heterodonta,簾蛤目,Veneroida,毛蟶科,Solecurtidae,,,螠蟶屬,Sinonovacula,螠蟶,Sinonovacula constricta
竹蟶,,,眞核域,Eukaryota,動物界,Metazoa,輭體動物門,Mollusca,,,雙殼綱,Bivalvia,異齒亞綱,Heterodonta,簾蛤目,Veneroida,竹蟶科,Solenidae,,,竹蟶屬,Solen,竹蟶,Solen strictus
紅心蛤,smooth clam,,眞核域,Eukaryota,動物界,Metazoa,輭體動物門,Mollusca,,,雙殼綱,Bivalvia,異齒亞綱,Heterodonta,簾蛤目,Veneroida,簾蛤科,Veneridae,,,仙女蛤屬,Callista,？,Callista chione
普通文蛤,,,眞核域,Eukaryota,動物界,Metazoa,輭體動物門,Mollusca,,,雙殼綱,Bivalvia,異齒亞綱,Heterodonta,簾蛤目,Veneroida,簾蛤科,Veneridae,,,文蛤屬,Meretrix,麗文蛤,Meretrix lusoria
花蛤,,,眞核域,Eukaryota,動物界,Metazoa,輭體動物門,Mollusca,,,雙殼綱,Bivalvia,異齒亞綱,Heterodonta,簾蛤目,Veneroida,簾蛤科,Veneridae,,,花簾蛤屬,Ruditapes,,
紫石房蛤/天鵝蛋,,,眞核域,Eukaryota,動物界,Metazoa,輭體動物門,Mollusca,,,雙殼綱,Bivalvia,異齒亞綱,Heterodonta,簾蛤目,Veneroida,簾蛤科,Veneridae,,,石房蛤屬,Saxidomus,紫石房蛤,Saxidomus purpuratus
河蚌,,,眞核域,Eukaryota,動物界,Metazoa,輭體動物門,Mollusca,,,雙殼綱,Bivalvia,古異齒亞綱,Palaeoheterodonta,蚌目,Unionoida,蚌科,Unionidae,蚌亞科,Unioninae,中國無齒蚌屬,Sinanodonta,背角無齒蚌,Sinanodonta woodiana
青口,Asian green mussel,,眞核域,Eukaryota,動物界,Metazoa,輭體動物門,Mollusca,,,雙殼綱,Bivalvia,翼形亞綱,Pteriomorphia,貽貝目,Mytiloida,貽貝科,Mytilidae,貽貝亞科,Mytilinae,股貽貝屬,Perna,青口,Perna viridis
扇貝,,,眞核域,Eukaryota,動物界,Metazoa,輭體動物門,Mollusca,,,雙殼綱,Bivalvia,翼形亞綱,Pteriomorphia,海扇蛤目,Pectinoida,海扇蛤科,Pectinidae,,,,,,
江珧/帶子,,,眞核域,Eukaryota,動物界,Metazoa,輭體動物門,Mollusca,,,雙殼綱,Bivalvia,翼形亞綱,Pteriomorphia,鶯蛤目,Pterioida,江珧蛤科,Pinnidae,,,曲江珧蛤屬,Atrina,中國江珧,Atrina chinensis
牡蠣/生蠔,,,眞核域,Eukaryota,動物界,Metazoa,輭體動物門,Mollusca,,,雙殼綱,Bivalvia,翼形亞綱,Pteriomorphia,牡蠣目,Ostreoida,牡蠣科,Ostreidae,,,,,,
章魚,octopus,たこ,眞核域,Eukaryota,動物界,Metazoa,輭體動物門,Mollusca,,,頭足綱,Cephalopoda,鮹亞綱,Coleoidea,八腕目,Octopoda,,,,,,,,
墨魚,cuttlefish,,眞核域,Eukaryota,動物界,Metazoa,輭體動物門,Mollusca,,,頭足綱,Cephalopoda,鮹亞綱,Coleoidea,墨魚目,Sepiida,墨魚科,Sepiidae,,,,,,
小管,,,眞核域,Eukaryota,動物界,Metazoa,輭體動物門,Mollusca,,,頭足綱,Cephalopoda,鮹亞綱,Coleoidea,管魷目,Teuthida,槍烏鰂科,Loliginidae,,,槍烏鰂屬,Loligo,小管槍烏鰂,Loligo oshimai
螺螄,,,眞核域,Eukaryota,動物界,Metazoa,輭體動物門,Mollusca,,,腹足綱,Gastropoda,新進腹足亞綱,Caenogastropoda,主扭舌目,Architaenioglossa,田螺科,Viviparidae,,,,,,
花螺/深溝鳳螺,,,眞核域,Eukaryota,動物界,Metazoa,輭體動物門,Mollusca,,,腹足綱,Gastropoda,新進腹足亞綱,Caenogastropoda,新腹足目,Neogastropoda,峨螺科,Buccinidae,,,鳳螺屬,Babylonia,深溝鳳螺,Babylonia spirata
泥螺,,,眞核域,Eukaryota,動物界,Metazoa,輭體動物門,Mollusca,,,腹足綱,Gastropoda,異鰓亞綱,Heterobranchia,頭楯目,Cephalaspidea,泡螺科,Haminoeidae,,,泥螺屬,Bullacta,泥螺,Bullacta exarata
非洲大蝸牛,,,眞核域,Eukaryota,動物界,Metazoa,輭體動物門,Mollusca,,,腹足綱,Gastropoda,異鰓亞綱,Heterobranchia,柄眼目,Stylommatophora,瑪瑙螺科,Achatinidae,,,瑪瑙螺屬,Achatina,褐雲瑪瑙螺,Achatina fulica
鮑魚,,,眞核域,Eukaryota,動物界,Metazoa,輭體動物門,Mollusca,,,腹足綱,Gastropoda,古腹足亞綱,Vetigastropoda,小笠螺目,Lepetellida,鮑科,Haliotidae,,,鮑屬,Haliotis,,
海茸,,,眞核域,Eukaryota,不等鞭毛類,Stramenopiles,,,,,褐藻綱,Phaeophyceae,,,墨角藻目,Fucales,海茸科,Durvillaeaceae,,,海茸屬,Durvillaea,海茸,Durvillaea antarctica
裙帶菜,,,眞核域,Eukaryota,不等鞭毛類,Stramenopiles,,,,,褐藻綱,Phaeophyceae,,,海帶目,Laminariales,翅藻科,Alariaceae,,,裙帶菜屬,Undaria,裙帶菜,Undaria pinnatifida
海帶/昆布,,,眞核域,Eukaryota,不等鞭毛類,Stramenopiles,,,,,褐藻綱,Phaeophyceae,,,海帶目,Laminariales,,,,,,,,
鹿角菜？,,,眞核域,Eukaryota,不等鞭毛類,Stramenopiles,,,,,褐藻綱,Phaeophyceae,,,,,,,,,,,,
銀杏（白果）,,,眞核域,Eukaryota,綠色植物界,Viridiplantae,鏈形植物門,Streptophyta,頂臝子植物,Acrogymnospermae,,,銀杏亞綱,Ginkgoidae,銀杏目,Ginkgoales,銀杏科,Ginkgoaceae,,,銀杏屬,Ginkgo,銀杏,Ginkgo biloba
紅松（松子）,,,眞核域,Eukaryota,綠色植物界,Viridiplantae,鏈形植物門,Streptophyta,頂臝子植物,Acrogymnospermae,,,松柏亞綱,Pinidae,松目,Pinales,松科,Pinaceae,,,松屬,Pinus,紅松,Pinus koraiensis
西藏白皮松（巴西松子）,chilgoza pine,,眞核域,Eukaryota,綠色植物界,Viridiplantae,鏈形植物門,Streptophyta,頂臝子植物,Acrogymnospermae,,,松柏亞綱,Pinidae,松目,Pinales,松科,Pinaceae,,,松屬,Pinus,西藏白皮松,Pinus gerardiana
香榧,,,眞核域,Eukaryota,綠色植物界,Viridiplantae,鏈形植物門,Streptophyta,頂臝子植物,Acrogymnospermae,,,松柏亞綱,Pinidae,柏目,Cupressales,紅豆杉科,Taxaceae,,,榧屬,Torreya,香榧,Torreya grandis
蕨菜,bracken,,眞核域,Eukaryota,綠色植物界,Viridiplantae,鏈形植物門,Streptophyta,,,眞蕨綱,Polypodiopsida,水龍骨亞綱,Polypodiidae,水龍骨目,Polypodiales,碗蕨科,Dennstaedtiaceae,,,蕨屬,Pteridium,蕨菜,Pteridium aquilinum
茨菰/慈菇,,,眞核域,Eukaryota,綠色植物界,Viridiplantae,鏈形植物門,Streptophyta,被子植物,Magnoliophyta,百合綱,Liliopsida,,,澤瀉目,Alismatales,澤瀉目,Alismataceae,,,茨菰屬,Sagittaria,茨菰,Sagittaria trifolia
蒟蒻（魔芋）,,,眞核域,Eukaryota,綠色植物界,Viridiplantae,鏈形植物門,Streptophyta,被子植物,Magnoliophyta,百合綱,Liliopsida,,,澤瀉目,Alismatales,天南星科,Araceae,天南星亞科,Aroideae,魔芋屬,Amorphophallus,蒟蒻,Amorphophallus konjac
芋,,,眞核域,Eukaryota,綠色植物界,Viridiplantae,鏈形植物門,Streptophyta,被子植物,Magnoliophyta,百合綱,Liliopsida,,,澤瀉目,Alismatales,天南星科,Araceae,天南星亞科,Aroideae,芋屬,Colocasia,芋,Colocasia esculenta
海菜花/洱海海菜,,,眞核域,Eukaryota,綠色植物界,Viridiplantae,鏈形植物門,Streptophyta,被子植物,Magnoliophyta,百合綱,Liliopsida,,,澤瀉目,Alismatales,水鱉科,Hydrocharitaceae,,,水車前屬,Ottelia,海菜花,Ottelia acuminata
椰子,,,眞核域,Eukaryota,綠色植物界,Viridiplantae,鏈形植物門,Streptophyta,被子植物,Magnoliophyta,百合綱,Liliopsida,,,椶櫚目,Arecales,椶櫚科,Arecaceae,檳榔亞科,Arecoideae,椰子屬,Cocos,椰子,Cocos nucifera
檳榔,,,眞核域,Eukaryota,綠色植物界,Viridiplantae,鏈形植物門,Streptophyta,被子植物,Magnoliophyta,百合綱,Liliopsida,,,椶櫚目,Arecales,椶櫚科,Arecaceae,檳榔亞科,Arecoideae,檳榔屬,Areca,檳榔,Areca catechu
滇西蛇皮果,,,眞核域,Eukaryota,綠色植物界,Viridiplantae,鏈形植物門,Streptophyta,被子植物,Magnoliophyta,百合綱,Liliopsida,,,椶櫚目,Arecales,椶櫚科,Arecaceae,省藤亞科,Calamoideae,蛇皮果屬,Salacca,滇西蛇皮果,Salacca griffithii
糖椶/泰國海底椰,,,眞核域,Eukaryota,綠色植物界,Viridiplantae,鏈形植物門,Streptophyta,被子植物,Magnoliophyta,百合綱,Liliopsida,,,椶櫚目,Arecales,椶櫚科,Arecaceae,貝葉椶亞科,Coryphoideae,糖椶屬,Borassus,糖椶,Borassus flabellifer
水椰（亞答籽）,,,眞核域,Eukaryota,綠色植物界,Viridiplantae,鏈形植物門,Streptophyta,被子植物,Magnoliophyta,百合綱,Liliopsida,,,椶櫚目,Arecales,椶櫚科,Arecaceae,水椰亞科,Nypoideae,水椰屬,Nypa,水椰,Nypa fruticans
薤/藠頭,,,眞核域,Eukaryota,綠色植物界,Viridiplantae,鏈形植物門,Streptophyta,被子植物,Magnoliophyta,百合綱,Liliopsida,,,天門冬目,Asparagales,石蒜科,Amaryllidaceae,蔥亞科,Allioideae,蔥屬,Allium,薤,Allium chinense
洋蔥,,,眞核域,Eukaryota,綠色植物界,Viridiplantae,鏈形植物門,Streptophyta,被子植物,Magnoliophyta,百合綱,Liliopsida,,,天門冬目,Asparagales,石蒜科,Amaryllidaceae,蔥亞科,Allioideae,蔥屬,Allium,洋蔥,Allium cepa
蔥,,,眞核域,Eukaryota,綠色植物界,Viridiplantae,鏈形植物門,Streptophyta,被子植物,Magnoliophyta,百合綱,Liliopsida,,,天門冬目,Asparagales,石蒜科,Amaryllidaceae,蔥亞科,Allioideae,蔥屬,Allium,蔥,Allium fistulosum
蒜,,,眞核域,Eukaryota,綠色植物界,Viridiplantae,鏈形植物門,Streptophyta,被子植物,Magnoliophyta,百合綱,Liliopsida,,,天門冬目,Asparagales,石蒜科,Amaryllidaceae,蔥亞科,Allioideae,蔥屬,Allium,蒜,Allium sativum
韭菜,,,眞核域,Eukaryota,綠色植物界,Viridiplantae,鏈形植物門,Streptophyta,被子植物,Magnoliophyta,百合綱,Liliopsida,,,天門冬目,Asparagales,石蒜科,Amaryllidaceae,蔥亞科,Allioideae,蔥屬,Allium,韭菜,Allium tuberosum
蘆筍,,,眞核域,Eukaryota,綠色植物界,Viridiplantae,鏈形植物門,Streptophyta,被子植物,Magnoliophyta,百合綱,Liliopsida,,,天門冬目,Asparagales,天門冬科,Asparagaceae,天門冬亞科,Asparagoideae,天門冬屬,Asparagus,蘆筍,Asparagus officinalis
麥冬,,,眞核域,Eukaryota,綠色植物界,Viridiplantae,鏈形植物門,Streptophyta,被子植物,Magnoliophyta,百合綱,Liliopsida,,,天門冬目,Asparagales,天門冬科,Asparagaceae,假葉樹亞科,Nolinoideae,沿階草屬,Ophiopogon,麥冬,Ophiopogon japonicus
蘆薈,aloe,,眞核域,Eukaryota,綠色植物界,Viridiplantae,鏈形植物門,Streptophyta,被子植物,Magnoliophyta,百合綱,Liliopsida,,,天門冬目,Asparagales,阿福花科,Asphodelaceae,阿福花亞科,Asphodeloideae,蘆薈屬,Aloe,蘆薈,Aloe vera
黃花菜,,,眞核域,Eukaryota,綠色植物界,Viridiplantae,鏈形植物門,Streptophyta,被子植物,Magnoliophyta,百合綱,Liliopsida,,,天門冬目,Asparagales,阿福花科,Asphodelaceae,萱草亞科,Hemerocallidoideae,萱草屬,Hemerocallis,萱草,Hemerocallis fulva
石橄欖,,,眞核域,Eukaryota,綠色植物界,Viridiplantae,鏈形植物門,Streptophyta,被子植物,Magnoliophyta,百合綱,Liliopsida,,,天門冬目,Asparagales,蘭科,Orchidaceae,樹蘭亞科,Epidendroideae,石仙桃屬,Pholidota,石橄欖,Pholidota chinensis
香草,vanilla,,眞核域,Eukaryota,綠色植物界,Viridiplantae,鏈形植物門,Streptophyta,被子植物,Magnoliophyta,百合綱,Liliopsida,,,天門冬目,Asparagales,蘭科,Orchidaceae,香莢蘭亞科,Vanilloideae,香莢蘭屬,Vanilla,香莢蘭,Vanilla planifolia
山藥,,,眞核域,Eukaryota,綠色植物界,Viridiplantae,鏈形植物門,Streptophyta,被子植物,Magnoliophyta,百合綱,Liliopsida,,,薯蕷目,Dioscoreales,薯蕷科,Dioscoreaceae,,,薯蕷屬,Dioscorea,長山藥,Dioscorea polystachya
百合,,,眞核域,Eukaryota,綠色植物界,Viridiplantae,鏈形植物門,Streptophyta,被子植物,Magnoliophyta,百合綱,Liliopsida,,,百合目,Liliales,百合科,Liliaceae,,,百合屬,Lilium,,
菠蘿,pineapple,,眞核域,Eukaryota,綠色植物界,Viridiplantae,鏈形植物門,Streptophyta,被子植物,Magnoliophyta,百合綱,Liliopsida,,,禾本目,Poales,鳳梨科,Bromeliaceae,鳳梨亞科,Bromelioideae,鳳梨屬,Ananas,鳳梨,Ananas comosus
荸薺,,,眞核域,Eukaryota,綠色植物界,Viridiplantae,鏈形植物門,Streptophyta,被子植物,Magnoliophyta,百合綱,Liliopsida,,,禾本目,Poales,莎草科,Cyperaceae,莎草亞科,Cyperoideae,荸薺屬,Eleocharis,荸薺,Eleocharis dulcis
蘆葦（蘆根）,common reed,,眞核域,Eukaryota,綠色植物界,Viridiplantae,鏈形植物門,Streptophyta,被子植物,Magnoliophyta,百合綱,Liliopsida,,,禾本目,Poales,禾本科,Poaceae,蘆竹亞科,Arundinoideae,蘆葦屬,Phragmites,蘆葦,Phragmites australis
竹筍,bamboo,,眞核域,Eukaryota,綠色植物界,Viridiplantae,鏈形植物門,Streptophyta,被子植物,Magnoliophyta,百合綱,Liliopsida,,,禾本目,Poales,禾本科,Poaceae,竹亞科,Bambusoideae,,,,
水稻（米飯）,rice,,眞核域,Eukaryota,綠色植物界,Viridiplantae,鏈形植物門,Streptophyta,被子植物,Magnoliophyta,百合綱,Liliopsida,,,禾本目,Poales,禾本科,Poaceae,稻亞科,Oryzoideae,稻屬,Oryza,水稻,Oryza sativa
菰（茭白）,,,眞核域,Eukaryota,綠色植物界,Viridiplantae,鏈形植物門,Streptophyta,被子植物,Magnoliophyta,百合綱,Liliopsida,,,禾本目,Poales,禾本科,Poaceae,稻亞科,Oryzoideae,菰屬,Zizania,菰,Zizania latifolia
薏米/薏苡,,,眞核域,Eukaryota,綠色植物界,Viridiplantae,鏈形植物門,Streptophyta,被子植物,Magnoliophyta,百合綱,Liliopsida,,,禾本目,Poales,禾本科,Poaceae,黍亞科,Panicoideae,薏苡屬,Coix,薏苡,Coix lacryma-jobi
香茅/檸檬草,lemon grass,,眞核域,Eukaryota,綠色植物界,Viridiplantae,鏈形植物門,Streptophyta,被子植物,Magnoliophyta,百合綱,Liliopsida,,,禾本目,Poales,禾本科,Poaceae,黍亞科,Panicoideae,香茅屬,Cymbopogon,,
黍/大黃米/糯小米/糜子,broomcorn millet,,眞核域,Eukaryota,綠色植物界,Viridiplantae,鏈形植物門,Streptophyta,被子植物,Magnoliophyta,百合綱,Liliopsida,,,禾本目,Poales,禾本科,Poaceae,黍亞科,Panicoideae,黍屬,Panicum,黍,Panicum miliaceum
甘蔗,sugarcane,,眞核域,Eukaryota,綠色植物界,Viridiplantae,鏈形植物門,Streptophyta,被子植物,Magnoliophyta,百合綱,Liliopsida,,,禾本目,Poales,禾本科,Poaceae,黍亞科,Panicoideae,甘蔗屬,Saccharum,中國竹蔗,Saccharum sinense
小米/粟,foxtail millet,,眞核域,Eukaryota,綠色植物界,Viridiplantae,鏈形植物門,Streptophyta,被子植物,Magnoliophyta,百合綱,Liliopsida,,,禾本目,Poales,禾本科,Poaceae,黍亞科,Panicoideae,狗尾草屬,Setaria,粟,Setaria italica
高粱/蜀黍,,,眞核域,Eukaryota,綠色植物界,Viridiplantae,鏈形植物門,Streptophyta,被子植物,Magnoliophyta,百合綱,Liliopsida,,,禾本目,Poales,禾本科,Poaceae,黍亞科,Panicoideae,高粱屬,Sorghum,二色高粱,Sorghum bicolor
玉米,corn/maize,,眞核域,Eukaryota,綠色植物界,Viridiplantae,鏈形植物門,Streptophyta,被子植物,Magnoliophyta,百合綱,Liliopsida,,,禾本目,Poales,禾本科,Poaceae,黍亞科,Panicoideae,玉米屬,Zea,玉米,Zea mays
燕麥,oat,,眞核域,Eukaryota,綠色植物界,Viridiplantae,鏈形植物門,Streptophyta,被子植物,Magnoliophyta,百合綱,Liliopsida,,,禾本目,Poales,禾本科,Poaceae,早熟禾亞科,Pooideae,燕麥屬,Avena,燕麥,Avena sativa
小麥,wheat,,眞核域,Eukaryota,綠色植物界,Viridiplantae,鏈形植物門,Streptophyta,被子植物,Magnoliophyta,百合綱,Liliopsida,,,禾本目,Poales,禾本科,Poaceae,早熟禾亞科,Pooideae,小麥屬,Triticum,小麥,Triticum aestivum
大麥,barley,,眞核域,Eukaryota,綠色植物界,Viridiplantae,鏈形植物門,Streptophyta,被子植物,Magnoliophyta,百合綱,Liliopsida,,,禾本目,Poales,禾本科,Poaceae,早熟禾亞科,Pooideae,大麥屬,Hordeum,大麥,Hordeum vulgare
香蕉,banana,,眞核域,Eukaryota,綠色植物界,Viridiplantae,鏈形植物門,Streptophyta,被子植物,Magnoliophyta,百合綱,Liliopsida,,,薑目,Zingiberales,芭蕉科,Musaceae,,,芭蕉屬,Musa,,
草果/草豆蔻,,,眞核域,Eukaryota,綠色植物界,Viridiplantae,鏈形植物門,Streptophyta,被子植物,Magnoliophyta,百合綱,Liliopsida,,,薑目,Zingiberales,薑科,Zingiberaceae,,,山薑屬,Alpinia,草果,Alpinia katsumadae
薑黃,turmeric,,眞核域,Eukaryota,綠色植物界,Viridiplantae,鏈形植物門,Streptophyta,被子植物,Magnoliophyta,百合綱,Liliopsida,,,薑目,Zingiberales,薑科,Zingiberaceae,,,薑黃屬,Curcuma,薑黃,Curcuma longa
小豆蔻,green cardamom,,眞核域,Eukaryota,綠色植物界,Viridiplantae,鏈形植物門,Streptophyta,被子植物,Magnoliophyta,百合綱,Liliopsida,,,薑目,Zingiberales,薑科,Zingiberaceae,,,小豆蔻屬,Elettaria,小豆蔻,Elettaria cardamomum
沙薑/山柰,,,眞核域,Eukaryota,綠色植物界,Viridiplantae,鏈形植物門,Streptophyta,被子植物,Magnoliophyta,百合綱,Liliopsida,,,薑目,Zingiberales,薑科,Zingiberaceae,,,山柰屬,Kaempferia,山柰,Kaempferia galanga
薑,ginger,,眞核域,Eukaryota,綠色植物界,Viridiplantae,鏈形植物門,Streptophyta,被子植物,Magnoliophyta,百合綱,Liliopsida,,,薑目,Zingiberales,薑科,Zingiberaceae,,,薑屬,Zingiber,薑,Zingiber officinale
當歸,,,眞核域,Eukaryota,綠色植物界,Viridiplantae,鏈形植物門,Streptophyta,被子植物,Magnoliophyta,,,菊亞綱,asterids,傘形目,Apiales,傘形科,Apiaceae,芹亞科,Apioideae,當歸屬,Angelica,當歸,Angelica sinensis
芹菜,celery,,眞核域,Eukaryota,綠色植物界,Viridiplantae,鏈形植物門,Streptophyta,被子植物,Magnoliophyta,,,菊亞綱,asterids,傘形目,Apiales,傘形科,Apiaceae,芹亞科,Apioideae,芹屬,Apium,旱芹,Apium graveolens
香菜/芫荽,coriander,,眞核域,Eukaryota,綠色植物界,Viridiplantae,鏈形植物門,Streptophyta,被子植物,Magnoliophyta,,,菊亞綱,asterids,傘形目,Apiales,傘形科,Apiaceae,芹亞科,Apioideae,芫荽屬,Coriandrum,芫荽,Coriandrum sativum
孜然,cumin,,眞核域,Eukaryota,綠色植物界,Viridiplantae,鏈形植物門,Streptophyta,被子植物,Magnoliophyta,,,菊亞綱,asterids,傘形目,Apiales,傘形科,Apiaceae,芹亞科,Apioideae,孜然芹屬,Cuminum,孜然,Cuminum cyminum
胡蘿蔔,carrot,,眞核域,Eukaryota,綠色植物界,Viridiplantae,鏈形植物門,Streptophyta,被子植物,Magnoliophyta,,,菊亞綱,asterids,傘形目,Apiales,傘形科,Apiaceae,芹亞科,Apioideae,胡蘿蔔屬,Daucus,胡蘿蔔,Daucus carota
茴香/小茴香,fennel,,眞核域,Eukaryota,綠色植物界,Viridiplantae,鏈形植物門,Streptophyta,被子植物,Magnoliophyta,,,菊亞綱,asterids,傘形目,Apiales,傘形科,Apiaceae,芹亞科,Apioideae,茴香屬,Foeniculum,茴香,Foeniculum vulgare
歐芹/荷蘭芹,parsley,,眞核域,Eukaryota,綠色植物界,Viridiplantae,鏈形植物門,Streptophyta,被子植物,Magnoliophyta,,,菊亞綱,asterids,傘形目,Apiales,傘形科,Apiaceae,芹亞科,Apioideae,香芹屬,Petroselinum,香芹,Petroselinum crispum
茴芹/大茴香,anise,,眞核域,Eukaryota,綠色植物界,Viridiplantae,鏈形植物門,Streptophyta,被子植物,Magnoliophyta,,,菊亞綱,asterids,傘形目,Apiales,傘形科,Apiaceae,芹亞科,Apioideae,茴芹屬,Pimpinella,茴芹,Pimpinella anisum
遼東楤木（刺老芽/刺嫩芽）,,,眞核域,Eukaryota,綠色植物界,Viridiplantae,鏈形植物門,Streptophyta,被子植物,Magnoliophyta,,,菊亞綱,asterids,傘形目,Apiales,五加科,Araliaceae,,,楤木屬,Aralia,遼東楤木,Aralia elata
刺五加,,,眞核域,Eukaryota,綠色植物界,Viridiplantae,鏈形植物門,Streptophyta,被子植物,Magnoliophyta,,,菊亞綱,asterids,傘形目,Apiales,五加科,Araliaceae,,,五加屬,Eleutherococcus,刺五加,Eleutherococcus senticosus
三七/田七,,,眞核域,Eukaryota,綠色植物界,Viridiplantae,鏈形植物門,Streptophyta,被子植物,Magnoliophyta,,,菊亞綱,asterids,傘形目,Apiales,五加科,Araliaceae,,,人蔘屬,Panax,三七,Panax notoginseng
花旗蔘/西洋蔘,,,眞核域,Eukaryota,綠色植物界,Viridiplantae,鏈形植物門,Streptophyta,被子植物,Magnoliophyta,,,菊亞綱,asterids,傘形目,Apiales,五加科,Araliaceae,,,人蔘屬,Panax,花旗蔘,Panax quinquefolius
苦丁茶/扣樹,,,眞核域,Eukaryota,綠色植物界,Viridiplantae,鏈形植物門,Streptophyta,被子植物,Magnoliophyta,,,菊亞綱,asterids,冬青目,Aquifoliales,冬青科,Aquifoliaceae,,,冬青屬,Ilex,苦丁茶,Ilex kaushue
杭白菊,,,眞核域,Eukaryota,綠色植物界,Viridiplantae,鏈形植物門,Streptophyta,被子植物,Magnoliophyta,,,菊亞綱,asterids,菊目,Asterales,菊科,Asteraceae,紫苑亞科,Asteroideae,菊屬,Chrysanthemum,杭白菊,Chrysanthemum morifolium
茼蒿/蓬蒿/蒿子桿,,,眞核域,Eukaryota,綠色植物界,Viridiplantae,鏈形植物門,Streptophyta,被子植物,Magnoliophyta,,,菊亞綱,asterids,菊目,Asterales,菊科,Asteraceae,紫苑亞科,Asteroideae,茼蒿屬,Glebionis,茼蒿,Glebionis coronaria
南茼蒿/鵝菜,,,眞核域,Eukaryota,綠色植物界,Viridiplantae,鏈形植物門,Streptophyta,被子植物,Magnoliophyta,,,菊亞綱,asterids,菊目,Asterales,菊科,Asteraceae,紫苑亞科,Asteroideae,茼蒿屬,Glebionis,南茼蒿,Glebionis segetum
向日葵,,,眞核域,Eukaryota,綠色植物界,Viridiplantae,鏈形植物門,Streptophyta,被子植物,Magnoliophyta,,,菊亞綱,asterids,菊目,Asterales,菊科,Asteraceae,紫苑亞科,Asteroideae,向日葵屬,Helianthus,向日葵,Helianthus annuus
菊芋/洋薑/鬼子薑,,,眞核域,Eukaryota,綠色植物界,Viridiplantae,鏈形植物門,Streptophyta,被子植物,Magnoliophyta,,,菊亞綱,asterids,菊目,Asterales,菊科,Asteraceae,紫苑亞科,Asteroideae,向日葵屬,Helianthus,洋薑,Helianthus tuberosus
馬蘭,,,眞核域,Eukaryota,綠色植物界,Viridiplantae,鏈形植物門,Streptophyta,被子植物,Magnoliophyta,,,菊亞綱,asterids,菊目,Asterales,菊科,Asteraceae,紫苑亞科,Asteroideae,馬蘭屬,Kalimeris,馬蘭,Kalimeris indica
雪蓮果/菊薯,,,眞核域,Eukaryota,綠色植物界,Viridiplantae,鏈形植物門,Streptophyta,被子植物,Magnoliophyta,,,菊亞綱,asterids,菊目,Asterales,菊科,Asteraceae,紫苑亞科,Asteroideae,菊薯屬,Smallanthus,菊薯,Smallanthus sonchifolius
牛蒡,,,眞核域,Eukaryota,綠色植物界,Viridiplantae,鏈形植物門,Streptophyta,被子植物,Magnoliophyta,,,菊亞綱,asterids,菊目,Asterales,菊科,Asteraceae,飛廉亞科,Carduoideae,牛蒡屬,Arctium,牛蒡,Arctium lappa
菜薊/洋薊/朝鮮薊,artichoke,,眞核域,Eukaryota,綠色植物界,Viridiplantae,鏈形植物門,Streptophyta,被子植物,Magnoliophyta,,,菊亞綱,asterids,菊目,Asterales,菊科,Asteraceae,飛廉亞科,Carduoideae,菜薊屬,Cynara,菜薊,Cynara cardunculus
苦菊/苦苣,,,眞核域,Eukaryota,綠色植物界,Viridiplantae,鏈形植物門,Streptophyta,被子植物,Magnoliophyta,,,菊亞綱,asterids,菊目,Asterales,菊科,Asteraceae,菊苣亞科,Cichorioideae,菊苣屬,Cichorium,苦苣,Cichorium endivia
生菜,,,眞核域,Eukaryota,綠色植物界,Viridiplantae,鏈形植物門,Streptophyta,被子植物,Magnoliophyta,,,菊亞綱,asterids,菊目,Asterales,菊科,Asteraceae,菊苣亞科,Cichorioideae,萵苣屬,Lactuca,萵苣,Lactuca sativa
萵筍,,,眞核域,Eukaryota,綠色植物界,Viridiplantae,鏈形植物門,Streptophyta,被子植物,Magnoliophyta,,,菊亞綱,asterids,菊目,Asterales,菊科,Asteraceae,菊苣亞科,Cichorioideae,萵苣屬,Lactuca,萵苣,Lactuca sativa
油麥菜,,,眞核域,Eukaryota,綠色植物界,Viridiplantae,鏈形植物門,Streptophyta,被子植物,Magnoliophyta,,,菊亞綱,asterids,菊目,Asterales,菊科,Asteraceae,菊苣亞科,Cichorioideae,萵苣屬,Lactuca,萵苣,Lactuca sativa
貢菜,,,眞核域,Eukaryota,綠色植物界,Viridiplantae,鏈形植物門,Streptophyta,被子植物,Magnoliophyta,,,菊亞綱,asterids,菊目,Asterales,菊科,Asteraceae,菊苣亞科,Cichorioideae,萵苣屬,Lactuca,萵苣,Lactuca sativa
蒲公英,dandelion,,眞核域,Eukaryota,綠色植物界,Viridiplantae,鏈形植物門,Streptophyta,被子植物,Magnoliophyta,,,菊亞綱,asterids,菊目,Asterales,菊科,Asteraceae,菊苣亞科,Cichorioideae,蒲公英屬,Taraxacum,,
黨蔘,,,眞核域,Eukaryota,綠色植物界,Viridiplantae,鏈形植物門,Streptophyta,被子植物,Magnoliophyta,,,菊亞綱,asterids,菊目,Asterales,桔梗科,Campanulaceae,,,黨蔘屬,Codonopsis,黨蔘,Codonopsis pilosula
桔梗,,,眞核域,Eukaryota,綠色植物界,Viridiplantae,鏈形植物門,Streptophyta,被子植物,Magnoliophyta,,,菊亞綱,asterids,菊目,Asterales,桔梗科,Campanulaceae,,,桔梗屬,Platycodon ,桔梗,Platycodon grandiflorus
破布子/甘樹子,,,眞核域,Eukaryota,綠色植物界,Viridiplantae,鏈形植物門,Streptophyta,被子植物,Magnoliophyta,,,菊亞綱,asterids,紫草目,Boraginales,破布木科,Cordiaceae,,,破布木屬,Cordia,破布木,Cordia dichotoma
金銀花/忍冬,,,眞核域,Eukaryota,綠色植物界,Viridiplantae,鏈形植物門,Streptophyta,被子植物,Magnoliophyta,,,菊亞綱,asterids,川續斷目,Dipsacales,忍冬科,Caprifoliaceae,,,忍冬屬,Lonicera,忍冬,Lonicera japonica
獼猴桃,kiwi fruit,,眞核域,Eukaryota,綠色植物界,Viridiplantae,鏈形植物門,Streptophyta,被子植物,Magnoliophyta,,,菊亞綱,asterids,杜鵑花目,Ericales,獼猴桃科,Actinidiaceae,,,獼猴桃屬,Actinidia,,
枾,,,眞核域,Eukaryota,綠色植物界,Viridiplantae,鏈形植物門,Streptophyta,被子植物,Magnoliophyta,,,菊亞綱,asterids,杜鵑花目,Ericales,枾樹科,Ebenaceae,,,枾樹屬,Diospyros,林枾,Diospyros kaki
蔓越莓,,,眞核域,Eukaryota,綠色植物界,Viridiplantae,鏈形植物門,Streptophyta,被子植物,Magnoliophyta,,,菊亞綱,asterids,杜鵑花目,Ericales,杜鵑花科,Ericaceae,越橘亞科,Vaccinioideae,越橘屬,Vaccinium,,
藍莓,blueberry,,眞核域,Eukaryota,綠色植物界,Viridiplantae,鏈形植物門,Streptophyta,被子植物,Magnoliophyta,,,菊亞綱,asterids,杜鵑花目,Ericales,杜鵑花科,Ericaceae,越橘亞科,Vaccinioideae,越橘屬,Vaccinium,,
雞蛋果/蛋黃果,,,眞核域,Eukaryota,綠色植物界,Viridiplantae,鏈形植物門,Streptophyta,被子植物,Magnoliophyta,,,菊亞綱,asterids,杜鵑花目,Ericales,山欖科,Sapotaceae,金葉樹亞科,Chrysophylloideae,桃欖屬,Pouteria,具脈果欖,Pouteria campechiana
茶,tea,,眞核域,Eukaryota,綠色植物界,Viridiplantae,鏈形植物門,Streptophyta,被子植物,Magnoliophyta,,,菊亞綱,asterids,杜鵑花目,Ericales,山茶科,Theaceae,,,山茶屬,Camellia,,
咖啡,coffee,,眞核域,Eukaryota,綠色植物界,Viridiplantae,鏈形植物門,Streptophyta,被子植物,Magnoliophyta,,,菊亞綱,asterids,龍膽目,Gentianales,茜草科,Rubiaceae,龍船花亞科,Ixoroideae,咖啡屬,Coffea,咖啡,Coffea arabica
甘露子/寶塔菜,,,眞核域,Eukaryota,綠色植物界,Viridiplantae,鏈形植物門,Streptophyta,被子植物,Magnoliophyta,,,菊亞綱,asterids,脣形目,Lamiales,脣形科,Lamiaceae,野芝麻亞科,Lamioideae,水蘇屬,Stachys,甘露子,Stachys affinis
薰衣草,lavender,,眞核域,Eukaryota,綠色植物界,Viridiplantae,鏈形植物門,Streptophyta,被子植物,Magnoliophyta,,,菊亞綱,asterids,脣形目,Lamiales,脣形科,Lamiaceae,荊芥亞科,Nepetoideae,薰衣草屬,Lavendula,,
地蔘/地筍,,,眞核域,Eukaryota,綠色植物界,Viridiplantae,鏈形植物門,Streptophyta,被子植物,Magnoliophyta,,,菊亞綱,asterids,脣形目,Lamiales,脣形科,Lamiaceae,荊芥亞科,Nepetoideae,地筍屬,Lycopus,地筍,Lycopus lucidus
薄荷,mint,,眞核域,Eukaryota,綠色植物界,Viridiplantae,鏈形植物門,Streptophyta,被子植物,Magnoliophyta,,,菊亞綱,asterids,脣形目,Lamiales,脣形科,Lamiaceae,荊芥亞科,Nepetoideae,薄荷屬,Mentha,,
羅勒/九層塔/金不換,basil,,眞核域,Eukaryota,綠色植物界,Viridiplantae,鏈形植物門,Streptophyta,被子植物,Magnoliophyta,,,菊亞綱,asterids,脣形目,Lamiales,脣形科,Lamiaceae,荊芥亞科,Nepetoideae,羅勒屬,Ocimum,羅勒,Ocimum basilicum
牛至,oregano,,眞核域,Eukaryota,綠色植物界,Viridiplantae,鏈形植物門,Streptophyta,被子植物,Magnoliophyta,,,菊亞綱,asterids,脣形目,Lamiales,脣形科,Lamiaceae,荊芥亞科,Nepetoideae,牛至屬,Origanum,牛至,Origanum vulgare
紫蘇,,,眞核域,Eukaryota,綠色植物界,Viridiplantae,鏈形植物門,Streptophyta,被子植物,Magnoliophyta,,,菊亞綱,asterids,脣形目,Lamiales,脣形科,Lamiaceae,荊芥亞科,Nepetoideae,紫蘇屬,Perilla,紫蘇,Perilla frutescens
仙草,,,眞核域,Eukaryota,綠色植物界,Viridiplantae,鏈形植物門,Streptophyta,被子植物,Magnoliophyta,,,菊亞綱,asterids,脣形目,Lamiales,脣形科,Lamiaceae,荊芥亞科,Nepetoideae,仙草屬,Platostoma,仙草,Platostoma palustre
夏枯草,,,眞核域,Eukaryota,綠色植物界,Viridiplantae,鏈形植物門,Streptophyta,被子植物,Magnoliophyta,,,菊亞綱,asterids,脣形目,Lamiales,脣形科,Lamiaceae,荊芥亞科,Nepetoideae,夏枯草屬,Prunella,夏枯草,Prunella vulgaris
芡歐鼠尾草（奇亞籽）,,,眞核域,Eukaryota,綠色植物界,Viridiplantae,鏈形植物門,Streptophyta,被子植物,Magnoliophyta,,,菊亞綱,asterids,脣形目,Lamiales,脣形科,Lamiaceae,荊芥亞科,Nepetoideae,鼠尾草屬,Salvia,芡歐鼠尾草,Salvia hispanica
迷迭香,rosemary,,眞核域,Eukaryota,綠色植物界,Viridiplantae,鏈形植物門,Streptophyta,被子植物,Magnoliophyta,,,菊亞綱,asterids,脣形目,Lamiales,脣形科,Lamiaceae,荊芥亞科,Nepetoideae,鼠尾草屬,Salvia,迷迭香,Salvia rosmarinus
麝香草/百里香,thyme,,眞核域,Eukaryota,綠色植物界,Viridiplantae,鏈形植物門,Streptophyta,被子植物,Magnoliophyta,,,菊亞綱,asterids,脣形目,Lamiales,脣形科,Lamiaceae,荊芥亞科,Nepetoideae,百里香屬,Thymus,,
茉莉,,,眞核域,Eukaryota,綠色植物界,Viridiplantae,鏈形植物門,Streptophyta,被子植物,Magnoliophyta,,,菊亞綱,asterids,脣形目,Lamiales,木樨科,Oleaceae,,,素馨屬,Jasminum,,
油橄欖,,,眞核域,Eukaryota,綠色植物界,Viridiplantae,鏈形植物門,Streptophyta,被子植物,Magnoliophyta,,,菊亞綱,asterids,脣形目,Lamiales,木樨科,Oleaceae,,,木樨欖屬,Olea,油橄欖,Olea europaea
桂花,,,眞核域,Eukaryota,綠色植物界,Viridiplantae,鏈形植物門,Streptophyta,被子植物,Magnoliophyta,,,菊亞綱,asterids,脣形目,Lamiales,木樨科,Oleaceae,,,木樨屬,Osmanthus,桂花,Osmanthus fragrans
芝麻,,,眞核域,Eukaryota,綠色植物界,Viridiplantae,鏈形植物門,Streptophyta,被子植物,Magnoliophyta,,,菊亞綱,asterids,脣形目,Lamiales,胡麻科,Pedaliaceae,,,胡麻屬,Sesamum,芝麻,Sesamum indicum
馬鞭草,,,眞核域,Eukaryota,綠色植物界,Viridiplantae,鏈形植物門,Streptophyta,被子植物,Magnoliophyta,,,菊亞綱,asterids,脣形目,Lamiales,馬鞭草科,Verbenaceae,,,馬鞭草屬,Verbena,馬鞭草,Verbena officinalis
空心菜/蕹菜,,,眞核域,Eukaryota,綠色植物界,Viridiplantae,鏈形植物門,Streptophyta,被子植物,Magnoliophyta,,,菊亞綱,asterids,茄目,Solanales,旋花科,Convolvulaceae,,,番薯屬,Ipomoea,蕹菜,Ipomoea aquatica
紫薯、白薯/紅薯/地瓜,sweet patato,,眞核域,Eukaryota,綠色植物界,Viridiplantae,鏈形植物門,Streptophyta,被子植物,Magnoliophyta,,,菊亞綱,asterids,茄目,Solanales,旋花科,Convolvulaceae,,,番薯屬,Ipomoea,甘薯,Ipomoea batatas
辣椒,,,眞核域,Eukaryota,綠色植物界,Viridiplantae,鏈形植物門,Streptophyta,被子植物,Magnoliophyta,,,菊亞綱,asterids,茄目,Solanales,茄科,Solanaceae,茄亞科,Solanoideae,辣椒屬,Capsicum,辣椒,Capsicum annum
青椒,,,眞核域,Eukaryota,綠色植物界,Viridiplantae,鏈形植物門,Streptophyta,被子植物,Magnoliophyta,,,菊亞綱,asterids,茄目,Solanales,茄科,Solanaceae,茄亞科,Solanoideae,辣椒屬,Capsicum,辣椒,Capsicum annum
枸杞,,,眞核域,Eukaryota,綠色植物界,Viridiplantae,鏈形植物門,Streptophyta,被子植物,Magnoliophyta,,,菊亞綱,asterids,茄目,Solanales,茄科,Solanaceae,茄亞科,Solanoideae,枸杞屬,Lycium,枸杞,Lycium chinense
黑枸杞,,,眞核域,Eukaryota,綠色植物界,Viridiplantae,鏈形植物門,Streptophyta,被子植物,Magnoliophyta,,,菊亞綱,asterids,茄目,Solanales,茄科,Solanaceae,茄亞科,Solanoideae,枸杞屬,Lycium,黑果枸杞,Lycium ruthenicum
假酸漿（冰粉）,,,眞核域,Eukaryota,綠色植物界,Viridiplantae,鏈形植物門,Streptophyta,被子植物,Magnoliophyta,,,菊亞綱,asterids,茄目,Solanales,茄科,Solanaceae,茄亞科,Solanoideae,假酸漿屬,Nicandra,假酸漿,Nicandra physaloides
菇娘/燈籠果/酸漿,,,眞核域,Eukaryota,綠色植物界,Viridiplantae,鏈形植物門,Streptophyta,被子植物,Magnoliophyta,,,菊亞綱,asterids,茄目,Solanales,茄科,Solanaceae,茄亞科,Solanoideae,酸漿屬,Physalis,燈籠果,Physalis alkekengi
西紅枾/番茄,tomato,,眞核域,Eukaryota,綠色植物界,Viridiplantae,鏈形植物門,Streptophyta,被子植物,Magnoliophyta,,,菊亞綱,asterids,茄目,Solanales,茄科,Solanaceae,茄亞科,Solanoideae,茄屬,Solanum,番茄,Solanum lycopersicum
茄子,eggplant,,眞核域,Eukaryota,綠色植物界,Viridiplantae,鏈形植物門,Streptophyta,被子植物,Magnoliophyta,,,菊亞綱,asterids,茄目,Solanales,茄科,Solanaceae,茄亞科,Solanoideae,茄屬,Solanum,茄子,Solanum melongena
人蔘果/香瓜茄,,,眞核域,Eukaryota,綠色植物界,Viridiplantae,鏈形植物門,Streptophyta,被子植物,Magnoliophyta,,,菊亞綱,asterids,茄目,Solanales,茄科,Solanaceae,茄亞科,Solanoideae,茄屬,Solanum,香瓜茄,Solanum muricatum
土豆/馬鈴薯,patato,,眞核域,Eukaryota,綠色植物界,Viridiplantae,鏈形植物門,Streptophyta,被子植物,Magnoliophyta,,,菊亞綱,asterids,茄目,Solanales,茄科,Solanaceae,茄亞科,Solanoideae,茄屬,Solanum,馬鈴薯,Solanum tuberosum
肉桂,,,眞核域,Eukaryota,綠色植物界,Viridiplantae,鏈形植物門,Streptophyta,被子植物,Magnoliophyta,,,木蘭亞綱,magnoliids,樟目,Laurales,樟科,Lauraceae,,,樟屬,Cinnamomum,肉桂,Cinnamomum aromaticum
月桂（香葉）,,,眞核域,Eukaryota,綠色植物界,Viridiplantae,鏈形植物門,Streptophyta,被子植物,Magnoliophyta,,,木蘭亞綱,magnoliids,樟目,Laurales,樟科,Lauraceae,,,月桂屬,Laurus,月桂,Laurus nobilis
木薑子/山胡椒/山蒼,,,眞核域,Eukaryota,綠色植物界,Viridiplantae,鏈形植物門,Streptophyta,被子植物,Magnoliophyta,,,木蘭亞綱,magnoliids,樟目,Laurales,樟科,Lauraceae,,,木薑子屬,Litsea,木薑子,Litsea cubeba
鱷梨/牛油果,avocado,,眞核域,Eukaryota,綠色植物界,Viridiplantae,鏈形植物門,Streptophyta,被子植物,Magnoliophyta,,,木蘭亞綱,magnoliids,樟目,Laurales,樟科,Lauraceae,,,鱷梨屬,Persea,鱷梨,Persea americana
番荔枝/釋迦,,,眞核域,Eukaryota,綠色植物界,Viridiplantae,鏈形植物門,Streptophyta,被子植物,Magnoliophyta,,,木蘭亞綱,magnoliids,木蘭目,Magnoliales,番荔枝科,Annonaceae,番荔枝亞科,Annonoideae,番荔枝屬,Annona,番荔枝,Annona squamosa
胡椒,pepper,,眞核域,Eukaryota,綠色植物界,Viridiplantae,鏈形植物門,Streptophyta,被子植物,Magnoliophyta,,,木蘭亞綱,magnoliids,胡椒目,Piperales,胡椒科,Piperaceae,,,胡椒屬,Piper,黑胡椒,Piper nigrum
蕺菜/魚腥草（蕺根）,,,眞核域,Eukaryota,綠色植物界,Viridiplantae,鏈形植物門,Streptophyta,被子植物,Magnoliophyta,,,木蘭亞綱,magnoliids,胡椒目,Piperales,三白草科,Saururaceae,,,蕺菜屬,Houttuynia,蕺菜,Houttuynia cordata
辣根（市面常見的青芥辣）,,,眞核域,Eukaryota,綠色植物界,Viridiplantae,鏈形植物門,Streptophyta,被子植物,Magnoliophyta,,,薔薇亞綱,rosids,十字花目,Brassicales,十字花科,Brassicaceae,,,辣根屬,Armoracia,辣根,Armoracia rusticana
菜花/花菜/花椰菜,,,眞核域,Eukaryota,綠色植物界,Viridiplantae,鏈形植物門,Streptophyta,被子植物,Magnoliophyta,,,薔薇亞綱,rosids,十字花目,Brassicales,十字花科,Brassicaceae,,,蕓薹屬,Brassica,花椰菜,Brassica cretica
芥菜（榨菜）,,,眞核域,Eukaryota,綠色植物界,Viridiplantae,鏈形植物門,Streptophyta,被子植物,Magnoliophyta,,,薔薇亞綱,rosids,十字花目,Brassicales,十字花科,Brassicaceae,,,蕓薹屬,Brassica,芥菜,Brassica juncea
洋白菜/圓白菜/捲心菜/高麗菜,,,眞核域,Eukaryota,綠色植物界,Viridiplantae,鏈形植物門,Streptophyta,被子植物,Magnoliophyta,,,薔薇亞綱,rosids,十字花目,Brassicales,十字花科,Brassicaceae,,,蕓薹屬,Brassica,甘藍,Brassica oleracea
西蘭花,,,眞核域,Eukaryota,綠色植物界,Viridiplantae,鏈形植物門,Streptophyta,被子植物,Magnoliophyta,,,薔薇亞綱,rosids,十字花目,Brassicales,十字花科,Brassicaceae,,,蕓薹屬,Brassica,甘藍,Brassica oleracea
大白菜,,,眞核域,Eukaryota,綠色植物界,Viridiplantae,鏈形植物門,Streptophyta,被子植物,Magnoliophyta,,,薔薇亞綱,rosids,十字花目,Brassicales,十字花科,Brassicaceae,,,蕓薹屬,Brassica,蕓薹,Brassica rapa
青菜,,,眞核域,Eukaryota,綠色植物界,Viridiplantae,鏈形植物門,Streptophyta,被子植物,Magnoliophyta,,,薔薇亞綱,rosids,十字花目,Brassicales,十字花科,Brassicaceae,,,蕓薹屬,Brassica,蕓薹,Brassica rapa
薺菜,,,眞核域,Eukaryota,綠色植物界,Viridiplantae,鏈形植物門,Streptophyta,被子植物,Magnoliophyta,,,薔薇亞綱,rosids,十字花目,Brassicales,十字花科,Brassicaceae,,,薺菜屬,Capsella,薺菜,Capsella bursa-pastoris
芝麻菜,,,眞核域,Eukaryota,綠色植物界,Viridiplantae,鏈形植物門,Streptophyta,被子植物,Magnoliophyta,,,薔薇亞綱,rosids,十字花目,Brassicales,十字花科,Brassicaceae,,,芝麻菜屬,Eruca,芝麻菜,Eruca vesicaria
西洋菜/豆瓣菜,,,眞核域,Eukaryota,綠色植物界,Viridiplantae,鏈形植物門,Streptophyta,被子植物,Magnoliophyta,,,薔薇亞綱,rosids,十字花目,Brassicales,十字花科,Brassicaceae,,,豆瓣菜屬,Nasturtium,豆瓣菜,Nasturtium officinale
蘿蔔,,,眞核域,Eukaryota,綠色植物界,Viridiplantae,鏈形植物門,Streptophyta,被子植物,Magnoliophyta,,,薔薇亞綱,rosids,十字花目,Brassicales,十字花科,Brassicaceae,,,蘿蔔屬,Raphanus,蘿蔔,Raphanus sativus
續隨子/水瓜榴,,,眞核域,Eukaryota,綠色植物界,Viridiplantae,鏈形植物門,Streptophyta,被子植物,Magnoliophyta,,,薔薇亞綱,rosids,十字花目,Brassicales,山柑科,Capparaceae,,,山柑屬,Capparis,續隨子,Capparis spinosa
番木瓜（無花果乾）,,,眞核域,Eukaryota,綠色植物界,Viridiplantae,鏈形植物門,Streptophyta,被子植物,Magnoliophyta,,,薔薇亞綱,rosids,十字花目,Brassicales,番木瓜科,Caricaceae,,,番木瓜屬,Carica,番木瓜,Carica papaya
辣木,,,眞核域,Eukaryota,綠色植物界,Viridiplantae,鏈形植物門,Streptophyta,被子植物,Magnoliophyta,,,薔薇亞綱,rosids,十字花目,Brassicales,辣木科,Moringaceae,,,辣木屬,Moringa,辣木,Moringa oleifera
冬瓜,,,眞核域,Eukaryota,綠色植物界,Viridiplantae,鏈形植物門,Streptophyta,被子植物,Magnoliophyta,,,薔薇亞綱,rosids,葫蘆目,Cucurbitales,葫蘆科,Cucurbitaceae,,,冬瓜屬,Benincasa,冬瓜,Benincasa hispida
西瓜,watermelon,,眞核域,Eukaryota,綠色植物界,Viridiplantae,鏈形植物門,Streptophyta,被子植物,Magnoliophyta,,,薔薇亞綱,rosids,葫蘆目,Cucurbitales,葫蘆科,Cucurbitaceae,,,西瓜屬,Citrullus,西瓜,Citrullus lanatus
甜瓜/香瓜,,,眞核域,Eukaryota,綠色植物界,Viridiplantae,鏈形植物門,Streptophyta,被子植物,Magnoliophyta,,,薔薇亞綱,rosids,葫蘆目,Cucurbitales,葫蘆科,Cucurbitaceae,,,甜瓜屬,Cucumis,厚皮甜瓜,Cucumis melo
刺角瓜/火蔘果,,,眞核域,Eukaryota,綠色植物界,Viridiplantae,鏈形植物門,Streptophyta,被子植物,Magnoliophyta,,,薔薇亞綱,rosids,葫蘆目,Cucurbitales,葫蘆科,Cucurbitaceae,,,甜瓜屬,Cucumis,刺角瓜,Cucumis metuliferus
黃瓜,,,眞核域,Eukaryota,綠色植物界,Viridiplantae,鏈形植物門,Streptophyta,被子植物,Magnoliophyta,,,薔薇亞綱,rosids,葫蘆目,Cucurbitales,葫蘆科,Cucurbitaceae,,,甜瓜屬,Cucumis,黃瓜,Cucumis sativus
南瓜,,,眞核域,Eukaryota,綠色植物界,Viridiplantae,鏈形植物門,Streptophyta,被子植物,Magnoliophyta,,,薔薇亞綱,rosids,葫蘆目,Cucurbitales,葫蘆科,Cucurbitaceae,,,南瓜屬,Cucurbita,南瓜,Cucurbita moschata
西葫蘆,,,眞核域,Eukaryota,綠色植物界,Viridiplantae,鏈形植物門,Streptophyta,被子植物,Magnoliophyta,,,薔薇亞綱,rosids,葫蘆目,Cucurbitales,葫蘆科,Cucurbitaceae,,,南瓜屬,Cucurbita,美洲南瓜,Cucurbita pepo
絞股藍,,,眞核域,Eukaryota,綠色植物界,Viridiplantae,鏈形植物門,Streptophyta,被子植物,Magnoliophyta,,,薔薇亞綱,rosids,葫蘆目,Cucurbitales,葫蘆科,Cucurbitaceae,,,絞股藍屬,Gynostemma,絞股藍,Gynostemma pentaphyllum
葫蘆,,,眞核域,Eukaryota,綠色植物界,Viridiplantae,鏈形植物門,Streptophyta,被子植物,Magnoliophyta,,,薔薇亞綱,rosids,葫蘆目,Cucurbitales,葫蘆科,Cucurbitaceae,,,葫蘆屬,Lagenaria,葫蘆,Lagenaria siceraria
絲瓜,,,眞核域,Eukaryota,綠色植物界,Viridiplantae,鏈形植物門,Streptophyta,被子植物,Magnoliophyta,,,薔薇亞綱,rosids,葫蘆目,Cucurbitales,葫蘆科,Cucurbitaceae,,,絲瓜屬,Luffa,絲瓜,Luffa aegyptiaca
苦瓜,,,眞核域,Eukaryota,綠色植物界,Viridiplantae,鏈形植物門,Streptophyta,被子植物,Magnoliophyta,,,薔薇亞綱,rosids,葫蘆目,Cucurbitales,葫蘆科,Cucurbitaceae,,,苦瓜屬,Momordica,苦瓜,Momordica charantia
羅漢果,,,眞核域,Eukaryota,綠色植物界,Viridiplantae,鏈形植物門,Streptophyta,被子植物,Magnoliophyta,,,薔薇亞綱,rosids,葫蘆目,Cucurbitales,葫蘆科,Cucurbitaceae,,,羅漢果屬,Siraitia,羅漢果,Siraitia grosvenorii
䒷蔞/𦸈𧁾/瓜蔞,,,眞核域,Eukaryota,綠色植物界,Viridiplantae,鏈形植物門,Streptophyta,被子植物,Magnoliophyta,,,薔薇亞綱,rosids,葫蘆目,Cucurbitales,葫蘆科,Cucurbitaceae,,,䒷蔞屬,Trichosanthes,䒷蔞,Trichosanthes kirilowii
皁莢（皁角米/雪蓮子）,,,眞核域,Eukaryota,綠色植物界,Viridiplantae,鏈形植物門,Streptophyta,被子植物,Magnoliophyta,,,薔薇亞綱,rosids,豆目,Fabales,豆科,Fabaceae,蘇木亞科,Caesalpinioideae,皁莢屬,Gleditsia,皁莢,Gleditsia sinensis
決明,,,眞核域,Eukaryota,綠色植物界,Viridiplantae,鏈形植物門,Streptophyta,被子植物,Magnoliophyta,,,薔薇亞綱,rosids,豆目,Fabales,豆科,Fabaceae,蘇木亞科,Caesalpinioideae,決明屬,Senna,決明,Senna obtusifolia
酸角/羅望子,,,眞核域,Eukaryota,綠色植物界,Viridiplantae,鏈形植物門,Streptophyta,被子植物,Magnoliophyta,,,薔薇亞綱,rosids,豆目,Fabales,豆科,Fabaceae,甘豆亞科,Detarioideae,酸豆屬,Tamarindus,酸豆,Tamarindus indica
花生,peanut,,眞核域,Eukaryota,綠色植物界,Viridiplantae,鏈形植物門,Streptophyta,被子植物,Magnoliophyta,,,薔薇亞綱,rosids,豆目,Fabales,豆科,Fabaceae,蝶形花亞科,Papilionoideae,花生屬,Arachis,花生,Arachis hypogaea
南非茶,rooibos,,眞核域,Eukaryota,綠色植物界,Viridiplantae,鏈形植物門,Streptophyta,被子植物,Magnoliophyta,,,薔薇亞綱,rosids,豆目,Fabales,豆科,Fabaceae,蝶形花亞科,Papilionoideae,松雀花屬,Aspalathus,南非茶,Aspalathus linearis
黃芪,,,眞核域,Eukaryota,綠色植物界,Viridiplantae,鏈形植物門,Streptophyta,被子植物,Magnoliophyta,,,薔薇亞綱,rosids,豆目,Fabales,豆科,Fabaceae,蝶形花亞科,Papilionoideae,黃芪屬,Astragalus,,
鷹嘴豆,chickpea,,眞核域,Eukaryota,綠色植物界,Viridiplantae,鏈形植物門,Streptophyta,被子植物,Magnoliophyta,,,薔薇亞綱,rosids,豆目,Fabales,豆科,Fabaceae,蝶形花亞科,Papilionoideae,鷹嘴豆屬,Cicer,鷹嘴豆,Cicer arietinum
蝶豆花/藍蝴蝶,,,眞核域,Eukaryota,綠色植物界,Viridiplantae,鏈形植物門,Streptophyta,被子植物,Magnoliophyta,,,薔薇亞綱,rosids,豆目,Fabales,豆科,Fabaceae,蝶形花亞科,Papilionoideae,蝶豆屬,Clitoria,蝶豆,Clitoria ternatea
黃豆（豆腐乾、豆芽）,soya,,眞核域,Eukaryota,綠色植物界,Viridiplantae,鏈形植物門,Streptophyta,被子植物,Magnoliophyta,,,薔薇亞綱,rosids,豆目,Fabales,豆科,Fabaceae,蝶形花亞科,Papilionoideae,大豆屬,Glycine,大豆,Glycine max
甘草,,,眞核域,Eukaryota,綠色植物界,Viridiplantae,鏈形植物門,Streptophyta,被子植物,Magnoliophyta,,,薔薇亞綱,rosids,豆目,Fabales,豆科,Fabaceae,蝶形花亞科,Papilionoideae,甘草屬,Glycyrrhiza,甘草,Glycyrrhiza uralensis
小扁豆/兵豆,,,眞核域,Eukaryota,綠色植物界,Viridiplantae,鏈形植物門,Streptophyta,被子植物,Magnoliophyta,,,薔薇亞綱,rosids,豆目,Fabales,豆科,Fabaceae,蝶形花亞科,Papilionoideae,兵豆屬,Lens,兵豆,Lens culinaris
草頭,,,眞核域,Eukaryota,綠色植物界,Viridiplantae,鏈形植物門,Streptophyta,被子植物,Magnoliophyta,,,薔薇亞綱,rosids,豆目,Fabales,豆科,Fabaceae,蝶形花亞科,Papilionoideae,苜蓿屬,Medicago,南苜蓿,Medicago polymorpha
青刀豆/四季豆,,,眞核域,Eukaryota,綠色植物界,Viridiplantae,鏈形植物門,Streptophyta,被子植物,Magnoliophyta,,,薔薇亞綱,rosids,豆目,Fabales,豆科,Fabaceae,蝶形花亞科,Papilionoideae,菜豆屬,Phaseolus,菜豆,Phaseolus vulgaris
紅腰豆,,,眞核域,Eukaryota,綠色植物界,Viridiplantae,鏈形植物門,Streptophyta,被子植物,Magnoliophyta,,,薔薇亞綱,rosids,豆目,Fabales,豆科,Fabaceae,蝶形花亞科,Papilionoideae,菜豆屬,Phaseolus,菜豆,Phaseolus vulgaris
豌豆,,,眞核域,Eukaryota,綠色植物界,Viridiplantae,鏈形植物門,Streptophyta,被子植物,Magnoliophyta,,,薔薇亞綱,rosids,豆目,Fabales,豆科,Fabaceae,蝶形花亞科,Papilionoideae,豌豆屬,Pisum,豌豆,Pisum sativum
四棱豆/龍豆,,,眞核域,Eukaryota,綠色植物界,Viridiplantae,鏈形植物門,Streptophyta,被子植物,Magnoliophyta,,,薔薇亞綱,rosids,豆目,Fabales,豆科,Fabaceae,蝶形花亞科,Papilionoideae,四棱豆屬,Psophocarpus,四棱豆,Psophocarpus tetragonolobus
葛（葛根）,,,眞核域,Eukaryota,綠色植物界,Viridiplantae,鏈形植物門,Streptophyta,被子植物,Magnoliophyta,,,薔薇亞綱,rosids,豆目,Fabales,豆科,Fabaceae,蝶形花亞科,Papilionoideae,葛屬,Pueraria,山葛,Pueraria montana
蠶豆（豆瓣醬）,,,眞核域,Eukaryota,綠色植物界,Viridiplantae,鏈形植物門,Streptophyta,被子植物,Magnoliophyta,,,薔薇亞綱,rosids,豆目,Fabales,豆科,Fabaceae,蝶形花亞科,Papilionoideae,蠶豆屬,Vicia,蠶豆,Vicia faba
紅豆,,,眞核域,Eukaryota,綠色植物界,Viridiplantae,鏈形植物門,Streptophyta,被子植物,Magnoliophyta,,,薔薇亞綱,rosids,豆目,Fabales,豆科,Fabaceae,蝶形花亞科,Papilionoideae,豇豆屬,Vigna,紅豆,Vigna angularis
綠豆（豆芽）,,,眞核域,Eukaryota,綠色植物界,Viridiplantae,鏈形植物門,Streptophyta,被子植物,Magnoliophyta,,,薔薇亞綱,rosids,豆目,Fabales,豆科,Fabaceae,蝶形花亞科,Papilionoideae,豇豆屬,Vigna,綠豆,Vigna radiata
豇豆（酸豆角）,,,眞核域,Eukaryota,綠色植物界,Viridiplantae,鏈形植物門,Streptophyta,被子植物,Magnoliophyta,,,薔薇亞綱,rosids,豆目,Fabales,豆科,Fabaceae,蝶形花亞科,Papilionoideae,豇豆屬,Vigna,豇豆,Vigna unguiculata
榛子,,,眞核域,Eukaryota,綠色植物界,Viridiplantae,鏈形植物門,Streptophyta,被子植物,Magnoliophyta,,,薔薇亞綱,rosids,殼斗目,Fagales,樺木科,Betulaceae,,,榛屬,Corylus,,
甘栗,,,眞核域,Eukaryota,綠色植物界,Viridiplantae,鏈形植物門,Streptophyta,被子植物,Magnoliophyta,,,薔薇亞綱,rosids,殼斗目,Fagales,殼斗科,Fagaceae,,,栗屬,Castanea,歐洲栗,Castanea sativa
長山核桃/碧根果,,,眞核域,Eukaryota,綠色植物界,Viridiplantae,鏈形植物門,Streptophyta,被子植物,Magnoliophyta,,,薔薇亞綱,rosids,殼斗目,Fagales,胡桃科,Juglandaceae,,,山核桃屬,Carya,長山核桃,Carya illinoinensis
核桃,chestnut,,眞核域,Eukaryota,綠色植物界,Viridiplantae,鏈形植物門,Streptophyta,被子植物,Magnoliophyta,,,薔薇亞綱,rosids,殼斗目,Fagales,胡桃科,Juglandaceae,,,胡桃屬,Juglans,,
楊梅,,,眞核域,Eukaryota,綠色植物界,Viridiplantae,鏈形植物門,Streptophyta,被子植物,Magnoliophyta,,,薔薇亞綱,rosids,殼斗目,Fagales,楊梅科,Myricaceae,,,楊梅屬,Morella,楊梅,Morella rubra
山竹,,,眞核域,Eukaryota,綠色植物界,Viridiplantae,鏈形植物門,Streptophyta,被子植物,Magnoliophyta,,,薔薇亞綱,rosids,金虎尾目,Malpighiales,藤黃科,Clusiaceae,,,藤黃屬,Garcinia,山竹,Garcinia mangostana
木薯,,,眞核域,Eukaryota,綠色植物界,Viridiplantae,鏈形植物門,Streptophyta,被子植物,Magnoliophyta,,,薔薇亞綱,rosids,金虎尾目,Malpighiales,大𦻝科,Euphorbiaceae,巴豆亞科,Crotonoideae,木薯屬,Manihot,木薯,Manihot esculenta
亞麻（亞麻籽）,,,眞核域,Eukaryota,綠色植物界,Viridiplantae,鏈形植物門,Streptophyta,被子植物,Magnoliophyta,,,薔薇亞綱,rosids,金虎尾目,Malpighiales,亞麻科,Linaceae,,,亞麻屬,Linum,亞麻,Linum usitatissimum
西番蓮/百香果,,,眞核域,Eukaryota,綠色植物界,Viridiplantae,鏈形植物門,Streptophyta,被子植物,Magnoliophyta,,,薔薇亞綱,rosids,金虎尾目,Malpighiales,西番蓮科,Passifloraceae,,,西番蓮屬,Passiflora,西番蓮,Passiflora edulis
餘甘子,,,眞核域,Eukaryota,綠色植物界,Viridiplantae,鏈形植物門,Streptophyta,被子植物,Magnoliophyta,,,薔薇亞綱,rosids,金虎尾目,Malpighiales,葉下珠科,Phyllanthaceae,葉下珠亞科,Phyllanthoideae,葉下珠屬,Phyllanthus,餘甘子,Phyllanthus emblica
可可,,,眞核域,Eukaryota,綠色植物界,Viridiplantae,鏈形植物門,Streptophyta,被子植物,Magnoliophyta,,,薔薇亞綱,rosids,錦葵目,Malvales,錦葵科,Malvaceae,刺果藤亞科,Byttnerioideae,可可屬,Theobroma,可可,Theobroma cacao
榴槤,durian,,眞核域,Eukaryota,綠色植物界,Viridiplantae,鏈形植物門,Streptophyta,被子植物,Magnoliophyta,,,薔薇亞綱,rosids,錦葵目,Malvales,錦葵科,Malvaceae,山芝麻亞科,Helicteroideae,榴槤屬,Durio,榴槤,Durio zibethinus
秋葵,,,眞核域,Eukaryota,綠色植物界,Viridiplantae,鏈形植物門,Streptophyta,被子植物,Magnoliophyta,,,薔薇亞綱,rosids,錦葵目,Malvales,錦葵科,Malvaceae,錦葵亞科,Malvoideae,秋葵屬,Abelmoschus,秋葵,Abelmoschus esculentus
玫瑰茄,,,眞核域,Eukaryota,綠色植物界,Viridiplantae,鏈形植物門,Streptophyta,被子植物,Magnoliophyta,,,薔薇亞綱,rosids,錦葵目,Malvales,錦葵科,Malvaceae,錦葵亞科,Malvoideae,木槿屬,Hibiscus,玫瑰茄,Hibiscus sabdariffa
胖大海,,,眞核域,Eukaryota,綠色植物界,Viridiplantae,鏈形植物門,Streptophyta,被子植物,Magnoliophyta,,,薔薇亞綱,rosids,錦葵目,Malvales,錦葵科,Malvaceae,梧桐亞科,Sterculioideae,胖大海屬,Scaphium,胖大海,Scaphium lychnophorum
石榴,,,眞核域,Eukaryota,綠色植物界,Viridiplantae,鏈形植物門,Streptophyta,被子植物,Magnoliophyta,,,薔薇亞綱,rosids,桃金娘目,Myrtales,千屈菜科,Lythraceae,,,石榴屬,Punica,石榴,Punica granatum
紅菱,water caltrop,ひし,眞核域,Eukaryota,綠色植物界,Viridiplantae,鏈形植物門,Streptophyta,被子植物,Magnoliophyta,,,薔薇亞綱,rosids,桃金娘目,Myrtales,千屈菜科,Lythraceae,,,菱屬,Trapa,兩角菱,Trapa bicornis
番石榴/芭樂,,,眞核域,Eukaryota,綠色植物界,Viridiplantae,鏈形植物門,Streptophyta,被子植物,Magnoliophyta,,,薔薇亞綱,rosids,桃金娘目,Myrtales,桃金娘科,Myrtaceae,桃金娘亞科,Myrtoideae,番石榴屬,Psidium,番石榴,Psidium guajava
丁香,clove,,眞核域,Eukaryota,綠色植物界,Viridiplantae,鏈形植物門,Streptophyta,被子植物,Magnoliophyta,,,薔薇亞綱,rosids,桃金娘目,Myrtales,桃金娘科,Myrtaceae,桃金娘亞科,Myrtoideae,蒲桃屬,Syzygium,丁香,Syzygium aromaticum
蓮霧,,,眞核域,Eukaryota,綠色植物界,Viridiplantae,鏈形植物門,Streptophyta,被子植物,Magnoliophyta,,,薔薇亞綱,rosids,桃金娘目,Myrtales,桃金娘科,Myrtaceae,桃金娘亞科,Myrtoideae,蒲桃屬,Syzygium,蓮霧,Syzygium samarangense
楊桃,,,眞核域,Eukaryota,綠色植物界,Viridiplantae,鏈形植物門,Streptophyta,被子植物,Magnoliophyta,,,薔薇亞綱,rosids,酢漿草目,Oxalidales,酢漿草科,Oxalidaceae,,,楊桃屬,Averrhoa,楊桃,Averrhoa carambola
大麻（火麻仁）,hemp,,眞核域,Eukaryota,綠色植物界,Viridiplantae,鏈形植物門,Streptophyta,被子植物,Magnoliophyta,,,薔薇亞綱,rosids,薔薇目,Rosales,大麻科,Cannabaceae,,,大麻屬,Cannabis,尋常大麻,Cannabis sativa
波羅蜜,,,眞核域,Eukaryota,綠色植物界,Viridiplantae,鏈形植物門,Streptophyta,被子植物,Magnoliophyta,,,薔薇亞綱,rosids,薔薇目,Rosales,桑科,Moraceae,,,桂木屬,Artocarpus,波羅蜜,Artocarpus altilis
無花果,fig,,眞核域,Eukaryota,綠色植物界,Viridiplantae,鏈形植物門,Streptophyta,被子植物,Magnoliophyta,,,薔薇亞綱,rosids,薔薇目,Rosales,桑科,Moraceae,,,榕屬,Ficus,無花果,Ficus carica
桑（桑葚）,,,眞核域,Eukaryota,綠色植物界,Viridiplantae,鏈形植物門,Streptophyta,被子植物,Magnoliophyta,,,薔薇亞綱,rosids,薔薇目,Rosales,桑科,Moraceae,,,桑屬,Morus,白桑,Morus alba
沙棘,,,眞核域,Eukaryota,綠色植物界,Viridiplantae,鏈形植物門,Streptophyta,被子植物,Magnoliophyta,,,薔薇亞綱,rosids,薔薇目,Rosales,胡頹子科,Elaeagnaceae,,,沙棘屬,Hippophae,沙棘,Hippophae rhamnoides
棗,,,眞核域,Eukaryota,綠色植物界,Viridiplantae,鏈形植物門,Streptophyta,被子植物,Magnoliophyta,,,薔薇亞綱,rosids,薔薇目,Rosales,鼠李科,Rhamnaceae,,,棗屬,Ziziphus,棗,Ziziphus jujuba
青棗/滇刺棗/印度棗,,,眞核域,Eukaryota,綠色植物界,Viridiplantae,鏈形植物門,Streptophyta,被子植物,Magnoliophyta,,,薔薇亞綱,rosids,薔薇目,Rosales,鼠李科,Rhamnaceae,,,棗屬,Ziziphus,印度棗,Ziziphus mauritiana
山樝,haw,,眞核域,Eukaryota,綠色植物界,Viridiplantae,鏈形植物門,Streptophyta,被子植物,Magnoliophyta,,,薔薇亞綱,rosids,薔薇目,Rosales,薔薇科,Rosaceae,桃亞科,Amygdaloideae,山樝屬,Crataegus,,
枇杷,loquat,,眞核域,Eukaryota,綠色植物界,Viridiplantae,鏈形植物門,Streptophyta,被子植物,Magnoliophyta,,,薔薇亞綱,rosids,薔薇目,Rosales,薔薇科,Rosaceae,桃亞科,Amygdaloideae,枇杷屬,Eriobotrya,枇杷,Eriobotrya japonica
蘋果,apple,,眞核域,Eukaryota,綠色植物界,Viridiplantae,鏈形植物門,Streptophyta,被子植物,Magnoliophyta,,,薔薇亞綱,rosids,薔薇目,Rosales,薔薇科,Rosaceae,桃亞科,Amygdaloideae,蘋果屬,Malus,蘋果,Malus pumila
杏,apricot,,眞核域,Eukaryota,綠色植物界,Viridiplantae,鏈形植物門,Streptophyta,被子植物,Magnoliophyta,,,薔薇亞綱,rosids,薔薇目,Rosales,薔薇科,Rosaceae,桃亞科,Amygdaloideae,李屬,Prunus,杏,Prunus armeniaca
歐洲李,plum,,眞核域,Eukaryota,綠色植物界,Viridiplantae,鏈形植物門,Streptophyta,被子植物,Magnoliophyta,,,薔薇亞綱,rosids,薔薇目,Rosales,薔薇科,Rosaceae,桃亞科,Amygdaloideae,李屬,Prunus,歐洲李,Prunus domestica
扁桃（扁桃仁/大杏仁/巴旦木）,almond,,眞核域,Eukaryota,綠色植物界,Viridiplantae,鏈形植物門,Streptophyta,被子植物,Magnoliophyta,,,薔薇亞綱,rosids,薔薇目,Rosales,薔薇科,Rosaceae,桃亞科,Amygdaloideae,李屬,Prunus,扁桃,Prunus dulcis
梅,,,眞核域,Eukaryota,綠色植物界,Viridiplantae,鏈形植物門,Streptophyta,被子植物,Magnoliophyta,,,薔薇亞綱,rosids,薔薇目,Rosales,薔薇科,Rosaceae,桃亞科,Amygdaloideae,李屬,Prunus,梅,Prunus mume
桃,peach,,眞核域,Eukaryota,綠色植物界,Viridiplantae,鏈形植物門,Streptophyta,被子植物,Magnoliophyta,,,薔薇亞綱,rosids,薔薇目,Rosales,薔薇科,Rosaceae,桃亞科,Amygdaloideae,李屬,Prunus,桃,Prunus persica
櫻桃,cherry,,眞核域,Eukaryota,綠色植物界,Viridiplantae,鏈形植物門,Streptophyta,被子植物,Magnoliophyta,,,薔薇亞綱,rosids,薔薇目,Rosales,薔薇科,Rosaceae,桃亞科,Amygdaloideae,李屬,Prunus,,
梨,pear,,眞核域,Eukaryota,綠色植物界,Viridiplantae,鏈形植物門,Streptophyta,被子植物,Magnoliophyta,,,薔薇亞綱,rosids,薔薇目,Rosales,薔薇科,Rosaceae,桃亞科,Amygdaloideae,梨屬,Pyrus,,
草莓,strawberry,,眞核域,Eukaryota,綠色植物界,Viridiplantae,鏈形植物門,Streptophyta,被子植物,Magnoliophyta,,,薔薇亞綱,rosids,薔薇目,Rosales,薔薇科,Rosaceae,薔薇亞科,Rosoideae,草莓屬,Fragaria,,
玫瑰,rose,,眞核域,Eukaryota,綠色植物界,Viridiplantae,鏈形植物門,Streptophyta,被子植物,Magnoliophyta,,,薔薇亞綱,rosids,薔薇目,Rosales,薔薇科,Rosaceae,薔薇亞科,Rosoideae,玫瑰屬,Rosa,,
刺梨/繅絲花,,,眞核域,Eukaryota,綠色植物界,Viridiplantae,鏈形植物門,Streptophyta,被子植物,Magnoliophyta,,,薔薇亞綱,rosids,薔薇目,Rosales,薔薇科,Rosaceae,薔薇亞科,Rosoideae,玫瑰屬,Rosa,繅絲花,Rosa roxburghii
樹莓/覆盆子,red raspberry,,眞核域,Eukaryota,綠色植物界,Viridiplantae,鏈形植物門,Streptophyta,被子植物,Magnoliophyta,,,薔薇亞綱,rosids,薔薇目,Rosales,薔薇科,Rosaceae,薔薇亞科,Rosoideae,懸鉤子屬,Rubus,覆盆子,Rubus idaeus
腰果,cashew,,眞核域,Eukaryota,綠色植物界,Viridiplantae,鏈形植物門,Streptophyta,被子植物,Magnoliophyta,,,薔薇亞綱,rosids,無患子目,Sapindales,漆樹科,Anacardiaceae,,,腰果屬,Anacardium,腰果,Anacardium occidentale
芒果,mango,,眞核域,Eukaryota,綠色植物界,Viridiplantae,鏈形植物門,Streptophyta,被子植物,Magnoliophyta,,,薔薇亞綱,rosids,無患子目,Sapindales,漆樹科,Anacardiaceae,,,芒果屬,Mangifera,芒果,Mangifera indica
開心果,pistachio,,眞核域,Eukaryota,綠色植物界,Viridiplantae,鏈形植物門,Streptophyta,被子植物,Magnoliophyta,,,薔薇亞綱,rosids,無患子目,Sapindales,漆樹科,Anacardiaceae,,,黃連木屬,Pistacia,阿月渾子,Pistacia vera
橄欖,,,眞核域,Eukaryota,綠色植物界,Viridiplantae,鏈形植物門,Streptophyta,被子植物,Magnoliophyta,,,薔薇亞綱,rosids,無患子目,Sapindales,橄欖科,Burseraceae,,,橄欖屬,Canarium,橄欖,Canarium album
藤椒,,,眞核域,Eukaryota,綠色植物界,Viridiplantae,鏈形植物門,Streptophyta,被子植物,Magnoliophyta,,,薔薇亞綱,rosids,無患子目,Sapindales,芸香科,Rutaceae,脂檀亞科,Amyridoideae,花椒屬,Zanthoxylum,竹葉花椒,Zanthoxylum armatum
花椒,,,眞核域,Eukaryota,綠色植物界,Viridiplantae,鏈形植物門,Streptophyta,被子植物,Magnoliophyta,,,薔薇亞綱,rosids,無患子目,Sapindales,芸香科,Rutaceae,脂檀亞科,Amyridoideae,花椒屬,Zanthoxylum,,
檸檬,,,眞核域,Eukaryota,綠色植物界,Viridiplantae,鏈形植物門,Streptophyta,被子植物,Magnoliophyta,,,薔薇亞綱,rosids,無患子目,Sapindales,芸香科,Rutaceae,柑橘亞科,Aurantioideae,柑橘屬,Citrus,檸檬,Citrus limon
橘子,,,眞核域,Eukaryota,綠色植物界,Viridiplantae,鏈形植物門,Streptophyta,被子植物,Magnoliophyta,,,薔薇亞綱,rosids,無患子目,Sapindales,芸香科,Rutaceae,柑橘亞科,Aurantioideae,柑橘屬,Citrus,,
橙子,,,眞核域,Eukaryota,綠色植物界,Viridiplantae,鏈形植物門,Streptophyta,被子植物,Magnoliophyta,,,薔薇亞綱,rosids,無患子目,Sapindales,芸香科,Rutaceae,柑橘亞科,Aurantioideae,柑橘屬,Citrus,,
柚子,,,眞核域,Eukaryota,綠色植物界,Viridiplantae,鏈形植物門,Streptophyta,被子植物,Magnoliophyta,,,薔薇亞綱,rosids,無患子目,Sapindales,芸香科,Rutaceae,柑橘亞科,Aurantioideae,柑橘屬,Citrus,,
金橘,,,眞核域,Eukaryota,綠色植物界,Viridiplantae,鏈形植物門,Streptophyta,被子植物,Magnoliophyta,,,薔薇亞綱,rosids,無患子目,Sapindales,芸香科,Rutaceae,柑橘亞科,Aurantioideae,金橘屬,Fortunella,金柑,Fortunella japonica
龍眼,,,眞核域,Eukaryota,綠色植物界,Viridiplantae,鏈形植物門,Streptophyta,被子植物,Magnoliophyta,,,薔薇亞綱,rosids,無患子目,Sapindales,無患子科,Sapindaceae,,,龍眼屬,Dimocarpus,龍眼,Dimocarpus longan
荔枝,litchi,,眞核域,Eukaryota,綠色植物界,Viridiplantae,鏈形植物門,Streptophyta,被子植物,Magnoliophyta,,,薔薇亞綱,rosids,無患子目,Sapindales,無患子科,Sapindaceae,,,荔枝屬,Litchi,荔枝,Litchi chinensis
紅毛丹,,,眞核域,Eukaryota,綠色植物界,Viridiplantae,鏈形植物門,Streptophyta,被子植物,Magnoliophyta,,,薔薇亞綱,rosids,無患子目,Sapindales,無患子科,Sapindaceae,,,韶子屬,Nephelium,紅毛丹,Nephelium lappaceum
葡萄/提子,,,眞核域,Eukaryota,綠色植物界,Viridiplantae,鏈形植物門,Streptophyta,被子植物,Magnoliophyta,,,薔薇亞綱,rosids,葡萄目,Vitales,葡萄科,Vitaceae,,,葡萄屬,Vitis,,
大料,star anise,,眞核域,Eukaryota,綠色植物界,Viridiplantae,鏈形植物門,Streptophyta,被子植物,Magnoliophyta,,,,,木蘭藤目,Austrobaileyales,五味子科,Schisandraceae,,,八角屬,Illicium,八角,Illicium verum
芡（芡實/雞頭米）,,,眞核域,Eukaryota,綠色植物界,Viridiplantae,鏈形植物門,Streptophyta,被子植物,Magnoliophyta,,,,,睡蓮目,Nymphaeales,睡蓮科,Nymphaeaceae,,,芡屬,Euryale,芡,Euryale ferox
冰草,iceplant,,眞核域,Eukaryota,綠色植物界,Viridiplantae,鏈形植物門,Streptophyta,被子植物,Magnoliophyta,,,,,石竹目,Caryophyllales,番杏科,Aizoaceae,,,日中花屬,Mesembryanthemum,冰葉日中花,Mesembryanthemum crystallinum
莧菜,,,眞核域,Eukaryota,綠色植物界,Viridiplantae,鏈形植物門,Streptophyta,被子植物,Magnoliophyta,,,,,石竹目,Caryophyllales,莧科,Amaranthaceae,,,莧屬,Amaranthus,莧,Amaranthus tricolor
菠菜,spinach,,眞核域,Eukaryota,綠色植物界,Viridiplantae,鏈形植物門,Streptophyta,被子植物,Magnoliophyta,,,,,石竹目,Caryophyllales,莧科,Amaranthaceae,,,菠菜屬,Spinacia,菠菜,Spinacia oleracea
落葵/木耳菜,,,眞核域,Eukaryota,綠色植物界,Viridiplantae,鏈形植物門,Streptophyta,被子植物,Magnoliophyta,,,,,石竹目,Caryophyllales,落葵科,Basellaceae,,,落葵屬,Basella,落葵,Basella alba
量天尺（紅皮白肉火龍果）,,,眞核域,Eukaryota,綠色植物界,Viridiplantae,鏈形植物門,Streptophyta,被子植物,Magnoliophyta,,,,,石竹目,Caryophyllales,仙人掌科,Cactaceae,柱狀仙人掌亞科,Cactoideae,量天尺屬,Hylocereus,量天尺,Hylocereus undatus
甜菜,beet,,眞核域,Eukaryota,綠色植物界,Viridiplantae,鏈形植物門,Streptophyta,被子植物,Magnoliophyta,,,,,石竹目,Caryophyllales,藜科,Chenopodiaceae,甜菜亞科,Betoideae,甜菜屬,Beta,甜菜,Beta vulgaris
藜麥,quinoa,,眞核域,Eukaryota,綠色植物界,Viridiplantae,鏈形植物門,Streptophyta,被子植物,Magnoliophyta,,,,,石竹目,Caryophyllales,藜科,Chenopodiaceae,藜亞科,Chenopodioideae,藜屬,Chenopodium,藜麥,Chenopodium quinoa
蕎麥,buckwheat,,眞核域,Eukaryota,綠色植物界,Viridiplantae,鏈形植物門,Streptophyta,被子植物,Magnoliophyta,,,,,石竹目,Caryophyllales,蓼科,Polygonaceae,蓼亞科,Polygonoideae,蕎麥屬,Fagopyrum,蕎麥,Fagopyrum esculentum
苦蕎,,,眞核域,Eukaryota,綠色植物界,Viridiplantae,鏈形植物門,Streptophyta,被子植物,Magnoliophyta,,,,,石竹目,Caryophyllales,蓼科,Polygonaceae,蓼亞科,Polygonoideae,蕎麥屬,Fagopyrum,苦蕎,Fagopyrum tataricum
辣蓼/水蓼,,,眞核域,Eukaryota,綠色植物界,Viridiplantae,鏈形植物門,Streptophyta,被子植物,Magnoliophyta,,,,,石竹目,Caryophyllales,蓼科,Polygonaceae,蓼亞科,Polygonoideae,春蓼屬,Persicaria,水蓼,Persicaria hydropiper
蓮,lotus,,眞核域,Eukaryota,綠色植物界,Viridiplantae,鏈形植物門,Streptophyta,被子植物,Magnoliophyta,,,,,山龍眼目,Proteales,蓮科,Nelumbonaceae,,,蓮屬,Nelumbo,蓮,Nelumbo nucifera
夏威夷果/澳洲堅果,macadamia,,眞核域,Eukaryota,綠色植物界,Viridiplantae,鏈形植物門,Streptophyta,被子植物,Magnoliophyta,,,,,山龍眼目,Proteales,山龍眼科,Proteaceae,,,澳洲堅果屬,Macadamia,,
牡丹,,,眞核域,Eukaryota,綠色植物界,Viridiplantae,鏈形植物門,Streptophyta,被子植物,Magnoliophyta,,,,,虎耳草目,Saxifragales,芍藥科,Paeoniaceae,,,芍藥屬,Paeonia,,
滸苔/苔條/苔菜,,,眞核域,Eukaryota,綠色植物界,Viridiplantae,綠藻門,Chlorophyta,,,石蒓綱,Ulvophyceae,,,石蒓目,Ulvales,石蒓科,Ulvaceae,,,石蒓屬,Ulva,,
紫菜/海苔,,,眞核域,Eukaryota,,,紅藻門,Rhodophyta,,,紅毛菜綱,Bangiophyceae,,,紅毛菜目,Bangiales,紅毛菜科,Bangiaceae,,,,,,
石花菜,,,眞核域,Eukaryota,,,紅藻門,Rhodophyta,,,眞紅藻綱,Florideophyceae,眞紅藻亞綱,Rhodymeniophycidae,石花菜目,Gelidiales,石花菜科,Gelidiaceae,,,石花菜屬,Gelidium,,
香椿,,,,,,,,,,,,,,,,,,,,,,,,
槐花,,,,,,,,,,,,,,,,,,,,,,,,
榆錢,,,,,,,,,,,,,,,,,,,,,,,,
高粱,,,,,,,,,,,,,,,,,,,,,,,,
櫻桃,cherry,,,,,,,,,,,,,,,,,,,,,,,
螺旋藻,,,,,,,,,,,,,,,,,,,,,,,,
黑松露,,盒馬,,,,,,,,,,,,,,,,,,,,,,
甜蘆粟,,,,,,,,,,,,,,,,,,,,,,,,
鼠尾草,sage,,,,,,,,,,,,,,,,,,,,,,,
艾草,,,,,,,,,,,,,,,,,,,,,,,,
泥螺,,,,,,,,,,,,,,,,,,,,,,,,
藏紅花,,,,,,,,,,,,,,,,,,,,,,,,
白香魚,*,,,,,,,,,,,,,,,,,,,,,,,
甜鰕,*,,,,,,,,,,,,,,,,,,,,,,,
牡丹鰕,*,,,,,,,,,,,,,,,,,,,,,,,
大馬哈魚,,,,,,,,,,,,,,,,,,,,,,,,
昂刺魚/黃辣丁,,,,,,,,,,,,,,,,,,,,,,,,
鰤魚,*,,,,,,,,,,,,,,,,,,,,,,,
赤貝,*,,,,,,,,,,,,,,,,,,,,,,,
鯔魚,,,,,,,,,,,,,,,,,,,,,,,,
人蔘,,,,,,,,,,,,,,,,,,,,,,,,
白朮,*,,,,,,,,,,,,,,,,,,,,,,,
瑪咖,,,,,,,,,,,,,,,,,,,,,,,,
馬鞭草,,pho real（富民路）,,,,,,,,,,,,,,,,,,,,,,
石斛,,,,,,,,,,,,,,,,,,,,,,,,
筍殼魚,,,,,,,,,,,,,,,,,,,,,,,,
澳洲龍鰕,,,,,,,,,,,,,,,,,,,,,,,,
多寶魚,,,,,,,,,,,,,,,,,,,,,,,,
龍躉魚/鞍帶石斑魚,,,,,,,,,,,,,,,,,,,,,,,,
羊肚菌,,,,,,,,,,,,,,,,,,,,,,,,
北杏仁,,,,,,,,,,,,,,,,,,,,,,,,
波士頓龍鰕,,,,,,,,,,,,,,,,,,,,,,,,
蘘荷,,,,,,,,,,,,,,,,,,,,,,,,
大黃魚,,,,,,,,,,,,,,,,,,,,,,,,
紅鼓魚,,,,,,,,,,,,,,,,,,,,,,,,
涼薯/沙葛,,,,,,,,,,,,,,,,,,,,,,,,
牛嬭果,,,,,,,,,,,,,,,,,,,,,,,,
澳洲肺魚,,,眞核域,Eukaryota,動物界,Metazoa,脊索動物門,Chordata,脊椎動物,Vertebrata,,,肺魚亞綱,Dipnoi,角齒魚目,Ceratodontiformes,澳洲肺魚科,Neoceratodontidae,,,澳洲肺魚屬,Neoceratodus,昆士蘭肺魚,Neoceratodus forsteri
香芋,,,眞核域,Eukaryota,綠色植物界,Viridiplantae,鏈形植物門,Streptophyta,被子植物,Magnoliophyta,百合綱,Liliopsida,,,薯蕷目,Dioscoreales,薯蕷科,Dioscoreaceae,,,薯蕷屬,Dioscorea,蔘薯,Dioscorea alata
油魚/龍鱈魚/異鱗蛇鯖,"escolar, white tuna",,眞核域,Eukaryota,動物界,Metazoa,脊索動物門,Chordata,脊椎動物,Vertebrata,輻鰭魚綱,Actinopteri,鱸形類,Percomorphaceae,鯖形目,Scombriformes,蛇鯖科,Gempylidae,,,異鱗蛇鯖屬,Lepidocybium,異鱗蛇鯖,Lepidocybium flavobrunneum